name,shop_type,primary_service,is_chain,phone,website,street,city,state,state_code,postal_code,latitude,longitude,time_zone,rating,rating_tier,reviews,photos_count,has_photos,verified,location_link,services,num_services,offers_fitting,fitting_environment,public_fitting,working_hours,open_on_weekends,business_status,outreach_ready,services_source,query,area_service,owner_title,about,enrichment_status
Brooks GOLF Center,Retailer,Golf Retail,False,(870) 931-9200,https://www.brooksgolfcenter.com/,2011 Grant Ave,Jonesboro,Arkansas,AR,72401,35.8180303,-90.6806266,America/Chicago,4.4,Highly Rated,0,5,True,False,"https://www.google.com/maps/place/Brooks+Golf+Center/@35.8180303,-90.6806266,14z/data=!4m8!1m2!2m1!1sBrooks+Golf+Center!3m4!1s0x87d42ea91e1c9073:0xb702cfea49056d8d!8m2!3d35.8180303!4d-90.6806266",,0,False,Indoor,True,"{""Wednesday"": [""9AM-5:30PM""]}",False,OPERATIONAL,True,crawl_failed,independent clubmaker Arkansas,False,Brooks Golf Center,"{""Accessibility"": {""Wheelchair accessible entrance"": true, ""Wheelchair accessible parking lot"": true}}",failed
Sportstop INC,Retailer,Golf Retail,False,(501) 224-4033,https://sportstopinc.com/,"4176, 10720 N Rodney Parham Rd D6",Little Rock,Arkansas,AR,72212,34.7716716,-92.3930492,America/Chicago,4.4,Highly Rated,0,16,True,True,"https://www.google.com/maps/place/Sportstop+Inc/@34.7716716,-92.3930492,14z/data=!4m8!1m2!2m1!1sSportstop+Inc!3m4!1s0x87d2a1428b8a6c4b:0xe84c77ab9816be4c!8m2!3d34.7716716!4d-92.3930492",,0,False,Indoor,True,"{""Wednesday"": [""9AM-5PM""]}",False,OPERATIONAL,True,crawled,boutique golf shop Arkansas,False,Sportstop Inc,"{""Accessibility"": {""Wheelchair accessible entrance"": true, ""Wheelchair accessible parking lot"": true}}",unknown
Dynamic GOLF Tucson At Project Par Performance Studio,Instruction,Golf Instruction,False,(520) 244-7682,https://www.dynamicgolftucson.com/,600 S Alvernon Way,Tucson,Arizona,AZ,85711,32.2130849,-110.9109796,America/Phoenix,5.0,Top Rated,0,64,True,True,"https://www.google.com/maps/place/Dynamic+Golf+Tucson+at+Project+Par+Performance+Studio/@32.2130849,-110.91097959999999,14z/data=!4m8!1m2!2m1!1sDynamic+Golf+Tucson+at+Project+Par+Performance+Studio!3m4!1s0x86d671b1375450e9:0x128f82c658cad3a2!8m2!3d32.2130849!4d-110.91097959999999",,0,False,Unknown,True,"{""Wednesday"": [""9AM-6PM""]}",False,OPERATIONAL,True,crawl_failed,custom club fitting Arizona,False,Dynamic Golf Tucson at Project Par Performance Studio,"{""Accessibility"": {""Wheelchair accessible entrance"": true, ""Wheelchair accessible parking lot"": true, ""Wheelchair accessible restroom"": true}}",failed
"Okkys Specialized PGA GOLF Lessons, Fitting, And Club Repairs",Instruction,Golf Instruction,False,(909) 348-2088,https://golfmadesense.com/,22751 Golden Springs Dr,Diamond Bar,California,CA,91765,34.0083728,-117.8204272,America/Los_Angeles,5.0,Top Rated,0,79,True,True,"https://www.google.com/maps/place/Okky%E2%80%99s+Specialized+PGA+Golf+Lessons%2C+Fitting%2C+and+Club+Repairs/@34.0083728,-117.8204272,14z/data=!4m8!1m2!2m1!1sOkky%E2%80%99s+Specialized+PGA+Golf+Lessons%2C+Fitting%2C+and+Club+Repairs!3m4!1s0x80c32bbce6275701:0x78683cb142f9d9b4!8m2!3d34.0083728!4d-117.8204272",,0,False,Unknown,True,"{""Wednesday"": [""8AM-9PM""]}",False,OPERATIONAL,True,crawl_failed,independent clubmaker California,False,"Okky’s Specialized PGA Golf Lessons, Fitting, and Club Repairs","{""Accessibility"": {""Wheelchair accessible entrance"": true, ""Wheelchair accessible parking lot"": true}}",failed
Olympic GOLF,Retailer,Golf Retail,False,(714) 447-9997,https://www.theolympicgolf.com/,"Amerige Heights, 1967 W Malvern Ave",Fullerton,California,CA,92833,33.88004,-117.9627795,America/Los_Angeles,3.4,Standard,0,58,True,True,"https://www.google.com/maps/place/Olympic+Golf/@33.88004,-117.9627795,14z/data=!4m8!1m2!2m1!1sOlympic+Golf!3m4!1s0x80dd2a4fcd15dc09:0x7c7afa9237f6264c!8m2!3d33.88004!4d-117.9627795",,0,False,Indoor,True,"{""Wednesday"": [""9AM-7PM""]}",False,OPERATIONAL,True,crawl_failed,boutique golf shop California,False,Olympic Golf,"{""Accessibility"": {""Wheelchair accessible entrance"": true, ""Wheelchair accessible parking lot"": true}}",failed
Legal Limit Putters,Retailer,Golf Retail,False,(800) 910-1372,https://www.legallimitputters.com/Pages/contact_us.html,11373 Trade Center Dr,Rancho Cordova,California,CA,95742,38.6080729,-121.262016,America/Los_Angeles,0.0,Unrated,0,1,True,False,"https://www.google.com/maps/place/Legal+Limit+Putters/@38.608072899999996,-121.26201599999999,14z/data=!4m8!1m2!2m1!1sLegal+Limit+Putters!3m4!1s0x809ae7878e49c01f:0xba1056a1766dfa79!8m2!3d38.608072899999996!4d-121.26201599999999",,0,False,Indoor,True,,False,OPERATIONAL,True,crawled,independent clubmaker California,False,Legal Limit Putters,"{""Accessibility"": {""Wheelchair accessible entrance"": true, ""Wheelchair accessible parking lot"": true}}",failed
Tri-fit Custom GOLF,Clubfitter,Club Fitting,False,(203) 202-9640,https://www.trifitgolf.com/,365 Post Rd,Darien,Connecticut,CT,06820,41.0865064,-73.4612551,America/New_York,4.7,Top Rated,0,23,True,True,"https://www.google.com/maps/place/Tri-Fit+Custom+Golf/@41.0865064,-73.4612551,14z/data=!4m8!1m2!2m1!1sTri-Fit+Custom+Golf!3m4!1s0x89e81e26ee52ca93:0x1e7d83f355a1d4cc!8m2!3d41.0865064!4d-73.4612551",,0,True,Indoor,True,"{""Wednesday"": [""9AM-5PM""]}",False,OPERATIONAL,True,crawled,independent clubmaker Connecticut,False,Tri-Fit Custom Golf,"{""Accessibility"": {""Wheelchair accessible entrance"": true, ""Wheelchair accessible parking lot"": true}}",unknown
Swingsimtech,Retailer,Golf Retail,False,,https://swingsimtech.com/,34 Sunrise Ln,East Hampton,Connecticut,CT,06424,41.5984059,-72.5188785,America/New_York,0.0,Unrated,0,1,True,False,"https://www.google.com/maps/place/SwingSimTech/@41.598405899999996,-72.5188785,14z/data=!4m8!1m2!2m1!1sSwingSimTech!3m4!1s0x89e6455f320c3593:0x95ed83b97209f027!8m2!3d41.598405899999996!4d-72.5188785",,0,False,Indoor,True,,False,OPERATIONAL,True,crawled,independent clubmaker Connecticut,False,SwingSimTech,"{""Accessibility"": {""Wheelchair accessible parking lot"": true}}",unknown
The Office GOLF Ct,Simulator,Golf Simulator,False,(203) 746-4653,https://www.theofficegolfct.com/,4 Dunham Dr,New Fairfield,Connecticut,CT,06812,41.4668498,-73.4807661,America/New_York,4.4,Highly Rated,0,4,True,True,"https://www.google.com/maps/place/The+Office+Golf+CT/@41.4668498,-73.4807661,14z/data=!4m8!1m2!2m1!1sThe+Office+Golf+CT!3m4!1s0x89dd5764a1dd353b:0xd42551454cc0fa36!8m2!3d41.4668498!4d-73.4807661",,0,False,Indoor,True,"{""Wednesday"": [""Open 24 hours""]}",False,OPERATIONAL,True,crawled,independent clubmaker Connecticut,False,The Office Golf CT,"{""Accessibility"": {""Wheelchair accessible entrance"": true, ""Wheelchair accessible parking lot"": true, ""Wheelchair accessible restroom"": true}}",failed
Jessyjames GOLF,Retailer,Golf Retail,False,(321) 295-7506,https://www.jessyjamesgolf.com/,279 Douglas Ave #1106,Altamonte Springs,Florida,FL,32714,28.6651603,-81.3902877,America/New_York,4.7,Top Rated,0,7,True,True,"https://www.google.com/maps/place/JessyJames+Golf/@28.6651603,-81.3902877,14z/data=!4m8!1m2!2m1!1sJessyJames+Golf!3m4!1s0x88e77ef51a2ac0bd:0x8207ee6d4d98c5fc!8m2!3d28.6651603!4d-81.3902877",,0,False,Indoor,True,"{""Wednesday"": [""10AM-5PM""]}",False,OPERATIONAL,True,crawl_failed,custom club fitting Florida,False,JessyJames Golf,"{""Accessibility"": {""Wheelchair accessible entrance"": true, ""Wheelchair accessible parking lot"": true}}",failed
Coombs GOLF Studio,Simulator,Golf Simulator,False,(321) 499-5144,https://www.321golfacademy.com/,3270 Suntree Blvd Suite 112,Melbourne,Florida,FL,32940,28.2291314,-80.67716539999999,America/New_York,5.0,Top Rated,0,9,True,True,"https://www.google.com/maps/place/Coombs+Golf+Studio/@28.2291314,-80.67716539999999,14z/data=!4m8!1m2!2m1!1sCoombs+Golf+Studio!3m4!1s0x88de0513670bfc53:0x3fb33696101bfce!8m2!3d28.2291314!4d-80.67716539999999",,0,False,Indoor,True,"{""Wednesday"": [""9AM-9PM""]}",False,OPERATIONAL,True,crawled,custom club fitting Oregon,False,Coombs Golf Studio,"{""Accessibility"": {""Wheelchair accessible entrance"": true, ""Wheelchair accessible parking lot"": true, ""Wheelchair accessible restroom"": true}}",unknown
Tnt Custom GOLF,Retailer,Golf Retail,False,,https://tntgolf.net/,4387 Ridge Valley Dr,Augusta,Georgia,GA,30909,33.4849357,-82.1312624,America/New_York,0.0,Unrated,0,1,True,False,"https://www.google.com/maps/place/TNT+Custom+Golf/@33.4849357,-82.1312624,14z/data=!4m8!1m2!2m1!1sTNT+Custom+Golf!3m4!1s0x88f9d47426324283:0x389e07dd31f3ad1!8m2!3d33.4849357!4d-82.1312624",,0,False,Indoor,True,"{""Wednesday"": [""11AM-7PM""]}",False,OPERATIONAL,True,crawled,custom club fitting Georgia,False,TNT Custom Golf,"{""Accessibility"": {""Wheelchair accessible entrance"": true, ""Wheelchair accessible parking lot"": true}}",unknown
A To Z GOLF Coaching & Fitting Center,Clubfitter,Club Fitting,False,(770) 477-2099,https://atozgolfpro.com/,100 Crystal Lake Blvd,Hampton,Georgia,GA,30228,33.457618,-84.24985889999999,America/New_York,4.9,Top Rated,61,97,True,True,"https://www.google.com/maps/place/A+to+Z+GOLF+Coaching+%26+Fitting+Center/@33.457618,-84.24985889999999,14z/data=!4m8!1m2!2m1!1sA+to+Z+GOLF+Coaching+%26+Fitting+Center!3m4!1s0x88f4fa1e53672a0b:0x1f78285f38e692a2!8m2!3d33.457618!4d-84.24985889999999",,0,True,Indoor,True,"{""Monday"": [""Closed""], ""Tuesday"": [""10AM-5PM""], ""Wednesday"": [""10AM-5PM""], ""Thursday"": [""Closed""], ""Friday"": [""10AM-5PM""], ""Saturday"": [""10AM-5PM""], ""Sunday"": [""Closed""]}",True,OPERATIONAL,True,crawled,independent clubmaker Georgia,False,A to Z GOLF Coaching & Fitting Center,"{""From the business"": {""Small business"": true}, ""Service options"": {""Onsite services"": true, ""Delivery"": false}, ""Accessibility"": {""Wheelchair accessible entrance"": true, ""Wheelchair accessible parking lot"": true}, ""Payments"": {""Credit cards"": true, ""Debit cards"": true, ""NFC mobile payments"": true}}",unknown
Ohana GOLF Shop Hawaii,Retailer,Golf Retail,False,(808) 200-7050,https://www.instagram.com/ohanagolfhawaii,333 Seaside Ave #110,Honolulu,Hawaii,HI,96815,21.279377,-157.8277639,Pacific/Honolulu,4.1,Well Reviewed,0,348,True,True,"https://www.google.com/maps/place/OHANA+GOLF+SHOP+HAWAII/@21.279377,-157.82776389999998,14z/data=!4m8!1m2!2m1!1sOHANA+GOLF+SHOP+HAWAII!3m4!1s0x7c006df4b61d85fd:0xde32437f5c47cef9!8m2!3d21.279377!4d-157.82776389999998",,0,False,Indoor,True,"{""Wednesday"": [""10AM-8:30PM""]}",False,OPERATIONAL,True,crawled,independent clubmaker Hawaii,False,OHANA GOLF SHOP HAWAII,"{""Accessibility"": {""Wheelchair accessible entrance"": true, ""Wheelchair accessible parking lot"": true, ""Wheelchair accessible restroom"": true, ""Wheelchair accessible seating"": true}}",unknown
Roger Dunn GOLF Hawaii,Retailer,Golf Retail,False,(808) 942-7741,https://www.rdgolfhi.com/ala-moana,1555 Kapiolani Blvd Ste 1505,Honolulu,Hawaii,HI,96814,21.2920981,-157.8407225,Pacific/Honolulu,4.2,Well Reviewed,0,179,True,True,"https://www.google.com/maps/place/Roger+Dunn+Golf+Hawaii/@21.2920981,-157.8407225,14z/data=!4m8!1m2!2m1!1sRoger+Dunn+Golf+Hawaii!3m4!1s0x7c006dee28412bdd:0x3f17e702e4d116fd!8m2!3d21.2920981!4d-157.8407225",,0,False,Indoor,True,"{""Wednesday"": [""9AM-8PM""]}",False,OPERATIONAL,True,crawled,independent clubmaker Hawaii,False,Roger Dunn Golf Hawaii,"{""Accessibility"": {""Wheelchair accessible entrance"": true, ""Wheelchair accessible parking lot"": true}}",failed
Royal Hawaiian GOLF Shop,Retailer,Golf Retail,False,(808) 924-0144,https://www.instagram.com/royalhawaiian_golf/,2201 Kalākaua Ave Suite A-302,Honolulu,Hawaii,HI,96815,21.2794591,-157.8300273,Pacific/Honolulu,4.8,Top Rated,0,83,True,True,"https://www.google.com/maps/place/ROYAL+HAWAIIAN+GOLF+SHOP/@21.2794591,-157.83002729999998,14z/data=!4m8!1m2!2m1!1sROYAL+HAWAIIAN+GOLF+SHOP!3m4!1s0x7c00737395da81b5:0x4b1011fa01f79531!8m2!3d21.2794591!4d-157.83002729999998",,0,False,Indoor,True,"{""Wednesday"": [""10AM-9PM""]}",False,OPERATIONAL,True,crawled,independent clubmaker Hawaii,False,ROYAL HAWAIIAN GOLF SHOP,"{""Accessibility"": {""Wheelchair accessible entrance"": true, ""Wheelchair accessible parking lot"": true}}",failed
Hawk's GOLF Performance Studio,Instruction,Golf Instruction,False,,https://hawksgolfstudio.com/,1479 NE 69th Pl #84,Ankeny,Iowa,IA,50021,41.686,-93.5984564,America/Chicago,0.0,Unrated,0,6,True,True,"https://www.google.com/maps/place/Hawk%27s+Golf+Performance+Studio/@41.686,-93.59845639999999,14z/data=!4m8!1m2!2m1!1sHawk%27s+Golf+Performance+Studio!3m4!1s0x87ee9b88813ba805:0xa7c9ee410b0eae1f!8m2!3d41.686!4d-93.59845639999999",,0,False,Unknown,True,"{""Wednesday"": [""9AM-7PM""]}",False,OPERATIONAL,True,crawled,custom club fitting Iowa,False,Hawk's Golf Performance Studio,"{""Accessibility"": {""Wheelchair accessible entrance"": true, ""Wheelchair accessible parking lot"": true}}",unknown
Accretion Discs,Retailer,Golf Retail,False,(319) 277-0661,https://www.accretiondiscs.com/,6016 Nordic Dr,Cedar Falls,Iowa,IA,50613,42.4835836,-92.4468563,America/Chicago,4.9,Top Rated,0,29,True,True,"https://www.google.com/maps/place/Accretion+Discs/@42.483583599999996,-92.4468563,14z/data=!4m8!1m2!2m1!1sAccretion+Discs!3m4!1s0x87e555a601978b95:0xd5e4f3ba3363e355!8m2!3d42.483583599999996!4d-92.4468563",,0,False,Indoor,True,"{""Wednesday"": [""8AM-6PM""]}",False,OPERATIONAL,True,crawled,boutique golf shop Iowa,False,Accretion Discs,"{""Accessibility"": {""Wheelchair accessible entrance"": true, ""Wheelchair accessible parking lot"": true, ""Wheelchair accessible seating"": true}, ""Other"": {""LGBTQ+ friendly"": true}}",unknown
Showcase GOLF,Retailer,Golf Retail,False,(855) 998-4223,https://www.showcasegolf.com/contact/,900 S Floating Green Dr,Coeur D'alene,Idaho,ID,83814,47.66421589999999,-116.7560435,America/Los_Angeles,5.0,Top Rated,0,10,True,False,"https://www.google.com/maps/place/Showcase+Golf/@47.664215899999995,-116.75604349999999,14z/data=!4m8!1m2!2m1!1sShowcase+Golf!3m4!1s0x5361c6443ccc1ddd:0x6e5be545d8968850!8m2!3d47.664215899999995!4d-116.75604349999999",,0,False,Indoor,True,"{""Wednesday"": [""Open 24 hours""]}",False,OPERATIONAL,True,crawled,custom club fitting Idaho,False,Showcase Golf,"{""Accessibility"": {""Wheelchair accessible entrance"": true, ""Wheelchair accessible parking lot"": true}}",unknown
The GOLF House,Simulator,Golf Simulator,False,(630) 664-1500,https://www.thegolfhouse.org/,4332 Fox Valley Center Dr,Aurora,Illinois,IL,60504,41.7608508,-88.20892339999999,America/Chicago,4.8,Top Rated,0,16,True,True,"https://www.google.com/maps/place/The+Golf+House/@41.7608508,-88.20892339999999,14z/data=!4m8!1m2!2m1!1sThe+Golf+House!3m4!1s0x880ef9a9f76685bd:0x349d56a771fd3edf!8m2!3d41.7608508!4d-88.20892339999999",,0,False,Indoor,True,"{""Wednesday"": [""8AM-8PM""]}",False,OPERATIONAL,True,crawled,custom club fitting Illinois,False,The Golf House,"{""Accessibility"": {""Wheelchair accessible entrance"": true, ""Wheelchair accessible parking lot"": true, ""Wheelchair accessible restroom"": true}, ""Other"": {""LGBTQ+ friendly"": true}}",failed
Cam GOLF INC,Retailer,Golf Retail,False,(708) 474-9272,https://camgolfinc.com/,2251 198th St,Lynwood,Illinois,IL,60411,41.5346821,-87.5620869,America/Chicago,4.5,Highly Rated,0,1,True,False,"https://www.google.com/maps/place/Cam+Golf+Inc/@41.5346821,-87.5620869,14z/data=!4m8!1m2!2m1!1sCam+Golf+Inc!3m4!1s0x880e1e4b26e7f5ef:0x8c27b5aac8af26a3!8m2!3d41.5346821!4d-87.5620869",,0,False,Indoor,True,"{""Wednesday"": [""10AM-4PM""]}",False,OPERATIONAL,True,crawled,independent clubmaker Illinois,False,Cam Golf Inc,"{""Accessibility"": {""Wheelchair accessible entrance"": true, ""Wheelchair accessible parking lot"": true}}",unknown
The GOLF House Of Maple Park,Simulator,Golf Simulator,False,(630) 202-4653,https://www.thegolfhouseofmaplepark.com/,80 Kennebec St,Maple Park,Illinois,IL,60151,41.9075089,-88.6004662,America/Chicago,0.0,Unrated,0,10,True,True,"https://www.google.com/maps/place/The+Golf+House+of+Maple+Park/@41.907508899999996,-88.6004662,14z/data=!4m8!1m2!2m1!1sThe+Golf+House+of+Maple+Park!3m4!1s0x880ed9939097c1bb:0x17b64e0a6b72c4e3!8m2!3d41.907508899999996!4d-88.6004662",,0,False,Indoor,True,,False,OPERATIONAL,True,crawled,custom club fitting Illinois,False,The Golf House of Maple Park,"{""Accessibility"": {""Wheelchair accessible parking lot"": true}}",failed
The GOLF Facility,Simulator,Golf Simulator,False,(708) 694-4014,https://www.thegolffacility.com/,19031 Old Lagrange Rd Suite 200,Mokena,Illinois,IL,60448,41.5446837,-87.84895739999999,America/Chicago,5.0,Top Rated,0,62,True,True,"https://www.google.com/maps/place/The+Golf+Facility/@41.5446837,-87.84895739999999,14z/data=!4m8!1m2!2m1!1sThe+Golf+Facility!3m4!1s0x880e15d7fa49b71f:0xa97db9bdf0866f7d!8m2!3d41.5446837!4d-87.84895739999999",,0,False,Indoor,True,"{""Wednesday"": [""10AM-8PM""]}",False,OPERATIONAL,True,crawled,custom club fitting Illinois,False,The Golf Facility,"{""Accessibility"": {""Wheelchair accessible entrance"": true, ""Wheelchair accessible parking lot"": true, ""Wheelchair accessible restroom"": true}}",unknown
Keegan GOLF Performance Studio,Instruction,Golf Instruction,False,(815) 557-8671,https://keegangolf.com/,539 Bedford Rd,Morris,Illinois,IL,60450,41.3713855,-88.4310082,America/Chicago,5.0,Top Rated,0,4,True,True,"https://www.google.com/maps/place/Keegan+Golf+Performance+Studio/@41.371385499999995,-88.4310082,14z/data=!4m8!1m2!2m1!1sKeegan+Golf+Performance+Studio!3m4!1s0x880e990ac303ff1d:0x26216d5f6e648ad9!8m2!3d41.371385499999995!4d-88.4310082",,0,False,Unknown,True,,False,OPERATIONAL,True,crawl_failed,independent clubmaker Illinois,False,Keegan Golf Performance Studio,"{""Accessibility"": {""Wheelchair accessible entrance"": true, ""Wheelchair accessible parking lot"": true}}",failed
Club House LLC,Retailer,Golf Retail,False,(765) 476-6187,https://www.clubhouse-llc.com/,2500 Veterans Memorial Pkwy E,Lafayette,Indiana,IN,47905,40.3808374,-86.8153303,America/Indianapolis,5.0,Top Rated,0,1,True,True,"https://www.google.com/maps/place/CLUB+HOUSE+LLC/@40.3808374,-86.8153303,14z/data=!4m8!1m2!2m1!1sCLUB+HOUSE+LLC!3m4!1s0x88131bada9820d07:0x1e6f69eccbdf4a1!8m2!3d40.3808374!4d-86.8153303",,0,False,Indoor,True,"{""Wednesday"": [""6:30-10PM""]}",False,OPERATIONAL,True,crawled,independent clubmaker Indiana,False,CLUB HOUSE LLC,"{""Accessibility"": {""Wheelchair accessible restroom"": false, ""Wheelchair accessible seating"": false}}",unknown
Coach Bear GOLF,Instruction,Golf Instruction,False,(316) 559-7841,https://www.coachbeargolf.com/connect-with-coach-bear,12610 E Zimmerly St,Wichita,Kansas,KS,67207,37.6677681,-97.1912206,America/Chicago,5.0,Top Rated,0,60,True,True,"https://www.google.com/maps/place/Coach+Bear+Golf/@37.667768099999996,-97.1912206,14z/data=!4m8!1m2!2m1!1sCoach+Bear+Golf!3m4!1s0x87bafb10532eb3e7:0x7da7deb17c24fef3!8m2!3d37.667768099999996!4d-97.1912206",,0,False,Unknown,True,"{""Wednesday"": [""8AM-9PM""]}",False,OPERATIONAL,True,crawled,custom club fitting Kansas,False,Coach Bear Golf,"{""Accessibility"": {""Wheelchair accessible entrance"": true, ""Wheelchair accessible parking lot"": true, ""Wheelchair accessible restroom"": true}}",failed
Rolling Hills GOLF Shop,Retailer,Golf Retail,False,(316) 722-1181,https://rollinghillswichita.com/,9612 W Maple St,Wichita,Kansas,KS,67209,37.6800043,-97.4531546,America/Chicago,0.0,Unrated,0,1,True,False,"https://www.google.com/maps/place/Rolling+Hills+Golf+Shop/@37.6800043,-97.45315459999999,14z/data=!4m8!1m2!2m1!1sRolling+Hills+Golf+Shop!3m4!1s0x87badf32822a85c9:0xd157e4f84597e212!8m2!3d37.6800043!4d-97.45315459999999",,0,False,Indoor,True,,False,OPERATIONAL,True,crawled,boutique golf shop Kansas,False,Rolling Hills Golf Shop,"{""Accessibility"": {""Wheelchair accessible entrance"": true, ""Wheelchair accessible parking lot"": true}}",failed
Disc 'n Dat,Retailer,Golf Retail,False,(859) 817-0007,https://therealdiscndat.com/,155 Lloyd Ave,Florence,Kentucky,KY,41042,39.008388,-84.62475409999999,America/New_York,4.9,Top Rated,0,49,True,True,"https://www.google.com/maps/place/Disc+%27n+Dat/@39.008388,-84.62475409999999,14z/data=!4m8!1m2!2m1!1sDisc+%27n+Dat!3m4!1s0x8841c7951e922e83:0x39eb03adb9ac7cc8!8m2!3d39.008388!4d-84.62475409999999",,0,False,Indoor,True,"{""Wednesday"": [""10AM-5PM""]}",False,OPERATIONAL,True,crawled,boutique golf shop Kentucky,False,Disc 'n Dat,"{""Accessibility"": {""Wheelchair accessible entrance"": true, ""Wheelchair accessible parking lot"": true}}",failed
Ben Fulkerson GOLF,Instruction,Golf Instruction,False,(502) 807-6187,https://www.fulkersongolf.com/,5000 Bardstown Rd,Louisville,Kentucky,KY,40291,38.1727664,-85.6184336,America/New_York,0.0,Unrated,0,1,True,False,"https://www.google.com/maps/place/Ben+Fulkerson+Golf/@38.1727664,-85.6184336,14z/data=!4m8!1m2!2m1!1sBen+Fulkerson+Golf!3m4!1s0x88690bc87e9e3a8d:0xf367094e090104ed!8m2!3d38.1727664!4d-85.6184336",,0,False,Unknown,True,"{""Wednesday"": [""9AM-7PM""]}",False,OPERATIONAL,True,crawl_failed,custom club fitting Kentucky,False,Ben Fulkerson Golf,"{""Accessibility"": {""Wheelchair accessible entrance"": true, ""Wheelchair accessible parking lot"": true}}",failed
Schneider's GOLF Mechanics,Simulator,Golf Simulator,False,(225) 256-1173,https://www.schneidersgolfmechanics.com/,5454 Bluebonnet Blvd STE J,Baton Rouge,Louisiana,LA,70809,30.3986218,-91.0853542,America/Chicago,4.8,Top Rated,0,5,True,True,"https://www.google.com/maps/place/Schneider%27s+Golf+Mechanics/@30.398621799999997,-91.0853542,14z/data=!4m8!1m2!2m1!1sSchneider%27s+Golf+Mechanics!3m4!1s0x8626bb97cd730f17:0xfb03defd8f74a1f6!8m2!3d30.398621799999997!4d-91.0853542",,0,False,Indoor,True,"{""Wednesday"": [""9AM-9PM""]}",False,OPERATIONAL,True,crawled,independent clubmaker Louisiana,False,Schneider's Golf Mechanics,"{""Accessibility"": {""Wheelchair accessible entrance"": true, ""Wheelchair accessible parking lot"": true, ""Wheelchair accessible restroom"": true}}",failed
Jbc GOLF INC,Instruction,Golf Instruction,False,(617) 206-9757,https://golf-clinics-for-women.square.site/,1340 Soldiers Fld Rd #4,Brighton,Massachusetts,MA,02135,42.36291079999999,-71.14151369999999,America/New_York,0.0,Unrated,0,1,True,False,"https://www.google.com/maps/place/JBC+Golf+Inc/@42.362910799999995,-71.14151369999999,14z/data=!4m8!1m2!2m1!1sJBC+Golf+Inc!3m4!1s0x89e379d45e9b12ed:0xa3e450af158664ff!8m2!3d42.362910799999995!4d-71.14151369999999",,0,False,Unknown,True,"{""Wednesday"": [""9AM-5PM""]}",False,OPERATIONAL,True,crawled,independent clubmaker Massachusetts,False,JBC Golf Inc,"{""Accessibility"": {""Wheelchair accessible entrance"": true, ""Wheelchair accessible parking lot"": true, ""Wheelchair accessible restroom"": true}}",failed
Tom Irwin INC,Retailer,Golf Retail,False,(800) 582-5959,https://tomirwin.com/,11 A St,Burlington,Massachusetts,MA,01803,42.4973798,-71.2252336,America/New_York,4.6,Highly Rated,0,11,True,True,"https://www.google.com/maps/place/Tom+Irwin+Inc/@42.4973798,-71.2252336,14z/data=!4m8!1m2!2m1!1sTom+Irwin+Inc!3m4!1s0x89e39fb2548a328b:0x85481ec508033269!8m2!3d42.4973798!4d-71.2252336",,0,False,Indoor,True,"{""Wednesday"": [""6AM-4PM""]}",False,OPERATIONAL,True,crawled,custom club fitting Massachusetts,False,Tom Irwin Inc,"{""Accessibility"": {""Wheelchair accessible entrance"": true, ""Wheelchair accessible parking lot"": true}}",unknown
Kohr GOLF Center,Driving Range,Driving Range,False,(888) 622-5647,https://www.kohrgolf.com/,218 Speen St,Natick,Massachusetts,MA,01760,42.2923464,-71.377076,America/New_York,4.5,Highly Rated,0,160,True,True,"https://www.google.com/maps/place/KOHR+Golf+Center/@42.2923464,-71.377076,14z/data=!4m8!1m2!2m1!1sKOHR+Golf+Center!3m4!1s0x89e3862b527eef31:0xe7265016d5d22b87!8m2!3d42.2923464!4d-71.377076",,0,False,Outdoor,True,"{""Wednesday"": [""9AM-9PM""]}",False,OPERATIONAL,True,crawl_failed,independent clubmaker Massachusetts,False,KOHR Golf Center,"{""Accessibility"": {""Wheelchair accessible entrance"": true, ""Wheelchair accessible parking lot"": true}, ""Other"": {""LGBTQ+ friendly"": true}}",failed
Pappas GOLF,Instruction,Golf Instruction,False,(978) 251-3933,https://www.bpappasgolf.com/,70 Princeton St,North Chelmsford,Massachusetts,MA,01863,42.635965,-71.378964,America/New_York,4.6,Highly Rated,0,8,True,True,"https://www.google.com/maps/place/Pappas+Golf/@42.635965,-71.378964,14z/data=!4m8!1m2!2m1!1sPappas+Golf!3m4!1s0x89e3a4aa5a6f37e1:0x3061be620b2046e9!8m2!3d42.635965!4d-71.378964",,0,False,Unknown,True,"{""Wednesday"": [""2-8PM""]}",False,OPERATIONAL,True,crawled,custom club fitting Massachusetts,False,Pappas Golf,"{""Accessibility"": {""Wheelchair accessible entrance"": true, ""Wheelchair accessible parking lot"": true, ""Wheelchair accessible restroom"": true}}",failed
Coombes Champion GOLF,Instruction,Golf Instruction,False,,https://coombesgolf.com/,"Gridley Bryant Building, 111 Willard St Gridley Bryant Building #1D, 111 Willard St",Quincy,Massachusetts,MA,02169,42.2508938,-71.0366358,America/New_York,4.4,Highly Rated,0,5,True,True,"https://www.google.com/maps/place/Coombes+Champion+Golf/@42.2508938,-71.0366358,14z/data=!4m8!1m2!2m1!1sCoombes+Champion+Golf!3m4!1s0x89e37d6474493543:0x27e410314d42ba9e!8m2!3d42.2508938!4d-71.0366358",,0,False,Unknown,True,"{""Wednesday"": [""8AM-8PM""]}",False,OPERATIONAL,True,crawled,independent clubmaker Massachusetts,False,Coombes Champion Golf,"{""Accessibility"": {""Wheelchair accessible entrance"": true, ""Wheelchair accessible parking lot"": true, ""Wheelchair accessible seating"": true}, ""Other"": {""LGBTQ+ friendly"": true}}",unknown
Fit To A Tee GOLF Shop,Driving Range,Driving Range,False,(508) 398-4653,https://www.fit-to-a-tee.com/,928D MA-28,South Yarmouth,Massachusetts,MA,02664,41.654729,-70.2098508,America/New_York,4.3,Highly Rated,0,38,True,True,"https://www.google.com/maps/place/Fit+To+A+Tee+Golf+Shop/@41.654728999999996,-70.2098508,14z/data=!4m8!1m2!2m1!1sFit+To+A+Tee+Golf+Shop!3m4!1s0x89fb3a3a33c4e597:0x4aaeaa21872cbb7c!8m2!3d41.654728999999996!4d-70.2098508",,0,True,Outdoor,True,"{""Wednesday"": [""10AM-5PM""]}",False,OPERATIONAL,True,crawl_failed,custom club fitting Massachusetts,False,Fit To A Tee Golf Shop,"{""Accessibility"": {""Wheelchair accessible entrance"": true, ""Wheelchair accessible parking lot"": true}}",failed
Dave Dirico's GOLF,Retailer,Golf Retail,False,(413) 734-4444,https://www.davediricogolf.com/,21 Myron St,West Springfield,Massachusetts,MA,01089,42.1324539,-72.6269378,America/New_York,4.7,Top Rated,0,25,True,False,"https://www.google.com/maps/place/Dave+Dirico%27s+Golf/@42.1324539,-72.6269378,14z/data=!4m8!1m2!2m1!1sDave+Dirico%27s+Golf!3m4!1s0x89e6e0b82096bb37:0xa1cca75e3bf33ba1!8m2!3d42.1324539!4d-72.6269378",,0,False,Indoor,True,"{""Wednesday"": [""9AM-5PM""]}",False,OPERATIONAL,True,crawl_failed,independent clubmaker Massachusetts,False,Dave Dirico's Golf,"{""Accessibility"": {""Wheelchair accessible entrance"": true, ""Wheelchair accessible parking lot"": true}}",failed
Avid GOLF USA,Instruction,Golf Instruction,False,(703) 203-4102,https://www.avidgolfusa.com/,39 Stepneys Ln,Edgewater,Maryland,MD,21037,38.9287261,-76.561662,America/New_York,5.0,Top Rated,0,1,True,False,"https://www.google.com/maps/place/Avid+Golf+USA/@38.9287261,-76.561662,14z/data=!4m8!1m2!2m1!1sAvid+Golf+USA!3m4!1s0x89b7f391894dc8ef:0xdc159e67b757a94!8m2!3d38.9287261!4d-76.561662",,0,False,Unknown,True,"{""Wednesday"": [""10AM-6PM""]}",False,OPERATIONAL,True,crawl_failed,independent clubmaker Maryland,False,Avid Golf USA,"{""Accessibility"": {""Wheelchair accessible entrance"": true, ""Wheelchair accessible parking lot"": true}}",failed
Eastern Maine Sr. GOLF Assoc,Retailer,Golf Retail,False,(207) 323-9448,https://www.emsga.org/About-Us.html,124 Robinson Schoolhouse Rd,Morrill,Maine,ME,04952,44.4261212,-69.1200544,America/New_York,0.0,Unrated,0,1,True,False,"https://www.google.com/maps/place/Eastern+Maine+Sr.+Golf+Assoc/@44.4261212,-69.1200544,14z/data=!4m8!1m2!2m1!1sEastern+Maine+Sr.+Golf+Assoc!3m4!1s0x4cae6d657808017f:0xfa75886f5226028f!8m2!3d44.4261212!4d-69.1200544",,0,False,Indoor,True,,False,OPERATIONAL,True,crawl_failed,independent clubmaker Maine,False,Eastern Maine Sr. Golf Assoc,"{""Accessibility"": {""Wheelchair accessible parking lot"": true}}",failed
Carl's Golfland,Driving Range,Driving Range,False,(248) 335-8095,https://www.carlsgolfland.com/,1976 S Telegraph Rd,Bloomfield Hills,Michigan,MI,48302,42.6091839,-83.30317769999999,America/Detroit,4.4,Highly Rated,0,333,True,True,"https://www.google.com/maps/place/Carl%27s+Golfland/@42.6091839,-83.30317769999999,14z/data=!4m8!1m2!2m1!1sCarl%27s+Golfland!3m4!1s0x8824bec25e408219:0x7fbedf93c50d1e25!8m2!3d42.6091839!4d-83.30317769999999",,0,False,Outdoor,True,"{""Wednesday"": [""9AM-7PM""]}",False,OPERATIONAL,True,crawled,custom club fitting Michigan,False,Carl's Golfland,"{""Accessibility"": {""Wheelchair accessible entrance"": true, ""Wheelchair accessible parking lot"": true}}",unknown
The Launch Pad At Carl's Golfland,Retailer,Golf Retail,False,(248) 335-7762,https://www.carlsgolfland.com/launch-pad,1976 S Telegraph Rd,Bloomfield Hills,Michigan,MI,48302,42.6092396,-83.3032319,America/Detroit,4.4,Highly Rated,0,24,True,True,"https://www.google.com/maps/place/The+Launch+Pad+At+Carl%27s+Golfland/@42.609239599999995,-83.3032319,14z/data=!4m8!1m2!2m1!1sThe+Launch+Pad+At+Carl%27s+Golfland!3m4!1s0x8824bedd5f3a2fd1:0x2071249dd5fb9de!8m2!3d42.609239599999995!4d-83.3032319",,0,False,Indoor,True,"{""Wednesday"": [""9AM-7PM""]}",False,OPERATIONAL,True,crawled,custom club fitting Michigan,False,The Launch Pad At Carl's Golfland,"{""Accessibility"": {""Wheelchair accessible entrance"": true, ""Wheelchair accessible parking lot"": true}}",unknown
Thousand Oaks GOLF Club,Instruction,Golf Instruction,False,(616) 447-7750,https://www.thousandoaksgolf.com/,4100 Thousand Oaks Dr NE,Grand Rapids,Michigan,MI,49525,43.0380227,-85.5681147,America/Detroit,4.7,Top Rated,0,237,True,True,"https://www.google.com/maps/place/Thousand+Oaks+Golf+Club/@43.0380227,-85.5681147,14z/data=!4m8!1m2!2m1!1sThousand+Oaks+Golf+Club!3m4!1s0x881854559d0cac2f:0xf51daabcc2e03559!8m2!3d43.0380227!4d-85.5681147",,0,False,Unknown,True,"{""Wednesday"": [""6:30AM-8PM""]}",False,OPERATIONAL,True,crawled,custom club fitting Michigan,False,Thousand Oaks Golf Club,"{""Accessibility"": {""Assistive hearing loop"": true, ""Wheelchair accessible entrance"": true, ""Wheelchair accessible parking lot"": true}}",failed
Components Plus,Retailer,Golf Retail,False,(734) 854-7550,https://componentsplus.com/,7755 US-223,Ottawa Lake,Michigan,MI,49267,41.7955038,-83.733158,America/Detroit,4.9,Top Rated,0,4,True,False,"https://www.google.com/maps/place/Components+Plus/@41.7955038,-83.733158,14z/data=!4m8!1m2!2m1!1sComponents+Plus!3m4!1s0x883c864e569084cf:0xb90f9a61dcc21fb7!8m2!3d41.7955038!4d-83.733158",,0,False,Indoor,True,"{""Wednesday"": [""10AM-6PM""]}",False,OPERATIONAL,True,crawl_failed,independent clubmaker Michigan,False,Components Plus,"{""Accessibility"": {""Wheelchair accessible entrance"": true, ""Wheelchair accessible parking lot"": true}}",failed
Carl's Golfland At Saint John's Resort,Retailer,Golf Retail,False,(734) 354-9274,https://www.carlsgolfland.com/,44135 Five Mile Rd,Plymouth,Michigan,MI,48170,42.3948705,-83.4787492,America/Detroit,4.4,Highly Rated,0,167,True,True,"https://www.google.com/maps/place/Carl%27s+Golfland+at+Saint+John%27s+Resort/@42.394870499999996,-83.4787492,14z/data=!4m8!1m2!2m1!1sCarl%27s+Golfland+at+Saint+John%27s+Resort!3m4!1s0x8824acee26a18647:0xb55268341e000b6c!8m2!3d42.394870499999996!4d-83.4787492",,0,False,Indoor,True,"{""Wednesday"": [""9AM-7PM""]}",False,OPERATIONAL,True,crawled,custom club fitting Michigan,False,Carl's Golfland at Saint John's Resort,"{""Accessibility"": {""Wheelchair accessible entrance"": true, ""Wheelchair accessible parking lot"": true}}",unknown
Lock GOLF Academy,Simulator,Golf Simulator,False,(248) 274-6533,https://www.lockgolfacademy.com/,22805 Country Club Dr,South Lyon,Michigan,MI,48178,42.4551368,-83.5783232,America/Detroit,4.9,Top Rated,0,24,True,True,"https://www.google.com/maps/place/Lock+Golf+Academy/@42.4551368,-83.5783232,14z/data=!4m8!1m2!2m1!1sLock+Golf+Academy!3m4!1s0x882355dd1adf3e87:0x44cbed175a862100!8m2!3d42.4551368!4d-83.5783232",,0,False,Indoor,True,"{""Wednesday"": [""8AM-8PM""]}",False,OPERATIONAL,True,crawled,independent clubmaker Michigan,False,Lock Golf Academy,"{""Accessibility"": {""Wheelchair accessible entrance"": true, ""Wheelchair accessible parking lot"": true, ""Wheelchair accessible restroom"": true}}",unknown
Go Low GOLF,Retailer,Golf Retail,False,(763) 567-0178,https://www.golfgolow.com/,3905 Annapolis Ln N #155,Plymouth,Minnesota,MN,55447,45.0272809,-93.4553531,America/Chicago,5.0,Top Rated,0,15,True,True,"https://www.google.com/maps/place/Go+Low+Golf/@45.0272809,-93.4553531,14z/data=!4m8!1m2!2m1!1sGo+Low+Golf!3m4!1s0x8fc92beacf8293eb:0x322a1ddf7123284b!8m2!3d45.0272809!4d-93.4553531",,0,False,Indoor,True,,False,OPERATIONAL,True,crawled,independent clubmaker Minnesota,False,Go Low Golf,"{""Accessibility"": {""Wheelchair accessible entrance"": true, ""Wheelchair accessible parking lot"": true}}",failed
Shooters GOLF Shop,Retailer,Golf Retail,False,(816) 694-7214,https://www.shootersgolfshop.com/,5 W Mill St,Parkville,Missouri,MO,64152,39.1890208,-94.6851675,America/Chicago,4.7,Top Rated,0,13,True,True,"https://www.google.com/maps/place/Shooters+Golf+Shop/@39.1890208,-94.68516749999999,14z/data=!4m8!1m2!2m1!1sShooters+Golf+Shop!3m4!1s0x87c0f79f9960bca1:0xf2fdea6987b23766!8m2!3d39.1890208!4d-94.68516749999999",,0,False,Indoor,True,,False,OPERATIONAL,True,crawl_failed,boutique golf shop Missouri,False,Shooters Golf Shop,"{""Accessibility"": {""Wheelchair accessible entrance"": true, ""Wheelchair accessible parking lot"": true}}",failed
Dub's Clubs,Retailer,Golf Retail,False,(769) 567-1800,https://www.dubsclubs.com/,114 Dees Dr Suite B,Madison,Mississippi,MS,39110,32.5132983,-90.105098,America/Chicago,5.0,Top Rated,0,13,True,True,"https://www.google.com/maps/place/Dub%27s+Clubs/@32.513298299999995,-90.105098,14z/data=!4m8!1m2!2m1!1sDub%27s+Clubs!3m4!1s0x8629d16d8f9f378d:0xd4b2302d457aca90!8m2!3d32.513298299999995!4d-90.105098",,0,False,Indoor,True,"{""Wednesday"": [""9AM-8PM""]}",False,OPERATIONAL,True,crawled,independent clubmaker Mississippi,False,Dub's Clubs,"{""Accessibility"": {""Wheelchair accessible entrance"": true, ""Wheelchair accessible parking lot"": true}, ""Other"": {""Identifies as veteran-owned"": true}}",failed
Leatherman GOLF Learning Center,Driving Range,Driving Range,False,(704) 527-1123,https://www.leathermangolf.com/,5845 S Tryon St,Charlotte,North Carolina,NC,28217,35.1681271,-80.9054017,America/New_York,4.6,Highly Rated,0,61,True,True,"https://www.google.com/maps/place/Leatherman+Golf+Learning+Center/@35.1681271,-80.9054017,14z/data=!4m8!1m2!2m1!1sLeatherman+Golf+Learning+Center!3m4!1s0x88569931e96abc33:0x6b1ef4e0aff43e82!8m2!3d35.1681271!4d-80.9054017",,0,False,Outdoor,True,"{""Wednesday"": [""10AM-8:30PM""]}",False,OPERATIONAL,True,crawled,custom club fitting North Carolina,False,Leatherman Golf Learning Center,"{""Accessibility"": {""Wheelchair accessible entrance"": true, ""Wheelchair accessible parking lot"": true}}",unknown
Andrew Kiger GOLF,Instruction,Golf Instruction,False,(919) 449-4274,https://www.andrewkiger.com/,2004 Green Oaks Pkwy,Holly Springs,North Carolina,NC,27540,35.6722833,-78.8772281,America/New_York,5.0,Top Rated,0,11,True,True,"https://www.google.com/maps/place/Andrew+Kiger+Golf/@35.6722833,-78.8772281,14z/data=!4m8!1m2!2m1!1sAndrew+Kiger+Golf!3m4!1s0x89ac93f369c72711:0x883cb7d5e4ed093e!8m2!3d35.6722833!4d-78.8772281",,0,False,Unknown,True,"{""Wednesday"": [""8AM-7PM""]}",False,OPERATIONAL,True,crawled,custom club fitting North Carolina,False,Andrew Kiger Golf,"{""Accessibility"": {""Wheelchair accessible entrance"": true, ""Wheelchair accessible parking lot"": true, ""Wheelchair accessible restroom"": true}}",failed
Kustom Clubs Fitting Center,Clubfitter,Club Fitting,False,(603) 623-7876,https://www.kustomclubs.com/,726 E Industrial Park Dr UNIT 6,Manchester,New Hampshire,NH,03109,42.9821003,-71.40878909999999,America/New_York,4.8,Top Rated,0,3,True,True,"https://www.google.com/maps/place/Kustom+Clubs+Fitting+Center/@42.9821003,-71.40878909999999,14z/data=!4m8!1m2!2m1!1sKustom+Clubs+Fitting+Center!3m4!1s0x89e24fb44b0e0d23:0xafe422d41655f165!8m2!3d42.9821003!4d-71.40878909999999",,0,True,Indoor,True,"{""Wednesday"": [""10AM-6PM""]}",False,OPERATIONAL,True,crawl_failed,independent clubmaker New Hampshire,False,Kustom Clubs Fitting Center,"{""Accessibility"": {""Wheelchair accessible entrance"": true, ""Wheelchair accessible parking lot"": true}}",failed
GOLF Mission Association,Retailer,Golf Retail,False,(973) 896-8031,https://www.golfmission.com/,658 Allwood Rd,Clifton,New Jersey,NJ,07012,40.846201,-74.16353149999999,America/New_York,5.0,Top Rated,0,2,True,True,"https://www.google.com/maps/place/Golf+Mission+Association/@40.846201,-74.16353149999999,14z/data=!4m8!1m2!2m1!1sGolf+Mission+Association!3m4!1s0x89c2ff0f84aba729:0x8daa2449e5039635!8m2!3d40.846201!4d-74.16353149999999",,0,False,Indoor,True,"{""Wednesday"": [""9AM-5PM""]}",False,OPERATIONAL,True,crawled,boutique golf shop Pennsylvania,False,Golf Mission Association,"{""Accessibility"": {""Wheelchair accessible parking lot"": true}}",failed
Maxs GOLF World,Retailer,Golf Retail,False,(856) 571-4754,https://www.instagram.com/maxs_golfworld?igsh=MTllbTF5ODN2OWllYg==,703 N Black Horse Pike,Glendora,New Jersey,NJ,08029,39.8396579,-75.0696462,America/New_York,5.0,Top Rated,0,1,True,True,"https://www.google.com/maps/place/Maxs+Golf+World/@39.8396579,-75.0696462,14z/data=!4m8!1m2!2m1!1sMaxs+Golf+World!3m4!1s0x89c6cff9e2bd8f6f:0xfcd6972bf0a2641a!8m2!3d39.8396579!4d-75.0696462",,0,False,Indoor,True,"{""Wednesday"": [""12-7PM""]}",False,OPERATIONAL,True,crawled,boutique golf shop New Jersey,False,Maxs Golf World,"{""Accessibility"": {""Wheelchair accessible entrance"": true, ""Wheelchair accessible parking lot"": true}}",unknown
Sleepy Hollow GOLF Shop,Retailer,Golf Retail,False,(914) 941-3062,https://www.sleepyhollowcc.org/,777 Albany Post Rd,Briarcliff Manor,New York,NY,10510,41.1252349,-73.8577645,America/New_York,0.0,Unrated,0,1,True,False,"https://www.google.com/maps/place/Sleepy+Hollow+Golf+Shop/@41.125234899999995,-73.8577645,14z/data=!4m8!1m2!2m1!1sSleepy+Hollow+Golf+Shop!3m4!1s0x89c2c0619adc0163:0x797487873a9e257c!8m2!3d41.125234899999995!4d-73.8577645",,0,False,Indoor,True,"{""Wednesday"": [""7AM-7PM""]}",False,OPERATIONAL,True,crawled,custom club fitting Michigan,False,Sleepy Hollow Golf Shop,"{""Accessibility"": {""Wheelchair accessible entrance"": true, ""Wheelchair accessible parking lot"": true}}",failed
Actyve GOLF Warehouse,Retailer,Golf Retail,False,(516) 279-4818,https://www.actyvegolf.com/,750C Stewart Ave,Garden City,New York,NY,11530,40.7321306,-73.6059267,America/New_York,4.0,Well Reviewed,0,34,True,True,"https://www.google.com/maps/place/ACTYVE+GOLF+WAREHOUSE/@40.7321306,-73.6059267,14z/data=!4m8!1m2!2m1!1sACTYVE+GOLF+WAREHOUSE!3m4!1s0x89c27d82851cb87b:0x55668f305caf3c2a!8m2!3d40.7321306!4d-73.6059267",,0,False,Indoor,True,"{""Wednesday"": [""11AM-4PM""]}",False,OPERATIONAL,True,crawl_failed,boutique golf shop Connecticut,False,ACTYVE GOLF WAREHOUSE,"{""Accessibility"": {""Wheelchair accessible entrance"": true, ""Wheelchair accessible parking lot"": true}}",failed
G/fore Supply New York City,Retailer,Golf Retail,False,(646) 289-3721,https://www.gfore.com/stores/gfore-supply-new-york-ny.html,536 Madison Ave,New York,New York,NY,10022,40.7606895,-73.9738498,America/New_York,4.2,Well Reviewed,0,5,True,True,"https://www.google.com/maps/place/G%2FFORE+Supply+New+York+City/@40.7606895,-73.9738498,14z/data=!4m8!1m2!2m1!1sG%2FFORE+Supply+New+York+City!3m4!1s0x89c259458e26a00d:0x8bbe536e2ccc7dc6!8m2!3d40.7606895!4d-73.9738498",,0,False,Indoor,True,"{""Wednesday"": [""10AM-6PM""]}",False,OPERATIONAL,True,crawled,custom club fitting New York,False,G/FORE Supply New York City,"{""Accessibility"": {""Wheelchair accessible entrance"": true, ""Wheelchair accessible parking lot"": false}}",unknown
Kyle Senatore GOLF Instruction,Instruction,Golf Instruction,False,(908) 745-1718,https://theturnindoorgolf.com/,108 W 39th St,New York,New York,NY,10018,40.7530225,-73.9861561,America/New_York,5.0,Top Rated,0,13,True,True,"https://www.google.com/maps/place/Kyle+Senatore+Golf+Instruction/@40.7530225,-73.9861561,14z/data=!4m8!1m2!2m1!1sKyle+Senatore+Golf+Instruction!3m4!1s0x89c25957d5fe7a87:0x61379f79e7b4b2b0!8m2!3d40.7530225!4d-73.9861561",,0,False,Unknown,True,"{""Wednesday"": [""8AM-9PM""]}",False,OPERATIONAL,True,crawled,custom club fitting Delaware,False,Kyle Senatore Golf Instruction,"{""Accessibility"": {""Wheelchair accessible entrance"": true}}",failed
The Complete Golfer,Retailer,Golf Retail,False,(914) 328-8411,https://www.completegolfer.us/,245 Main St,White Plains,New York,NY,10601,41.0332399,-73.7661881,America/New_York,5.0,Top Rated,0,1,True,False,"https://www.google.com/maps/place/The+Complete+Golfer/@41.0332399,-73.7661881,14z/data=!4m8!1m2!2m1!1sThe+Complete+Golfer!3m4!1s0x89c29437aac0be5f:0x72495282b7db06ea!8m2!3d41.0332399!4d-73.7661881",,0,False,Indoor,True,"{""Wednesday"": [""9:30AM-5:30PM""]}",False,OPERATIONAL,True,crawl_failed,independent clubmaker Connecticut,False,The Complete Golfer,"{""Accessibility"": {""Wheelchair accessible parking lot"": true}}",failed
Mega GOLF Center,Retailer,Golf Retail,False,(513) 718-0631,https://www.megagolfcenteroh.com/,2235 Bauer Rd,Batavia,Ohio,OH,45103,39.081358,-84.152771,America/New_York,4.6,Highly Rated,0,30,True,True,"https://www.google.com/maps/place/Mega+Golf+Center/@39.081358,-84.152771,14z/data=!4m8!1m2!2m1!1sMega+Golf+Center!3m4!1s0x8841046539f606fb:0x36d40e631a878ec3!8m2!3d39.081358!4d-84.152771",,0,False,Indoor,True,"{""Wednesday"": [""10AM-6PM""]}",False,OPERATIONAL,True,crawled,boutique golf shop Ohio,False,Mega Golf Center,"{""Accessibility"": {""Wheelchair accessible entrance"": true, ""Wheelchair accessible parking lot"": true}}",unknown
Lakeshore GOLF Studio,Instruction,Golf Instruction,False,(419) 407-6550,https://my.pga.com/coach/codymartin/schedule,515 Cleveland Rd W,Huron,Ohio,OH,44839,41.3985722,-82.56001789999999,America/New_York,5.0,Top Rated,0,10,True,True,"https://www.google.com/maps/place/Lakeshore+Golf+Studio/@41.3985722,-82.56001789999999,14z/data=!4m8!1m2!2m1!1sLakeshore+Golf+Studio!3m4!1s0x883a6b315782a845:0x5980be80bf20a198!8m2!3d41.3985722!4d-82.56001789999999",,0,False,Unknown,True,"{""Wednesday"": [""10AM-4PM""]}",False,OPERATIONAL,True,crawled,custom club fitting Ohio,False,Lakeshore Golf Studio,"{""Accessibility"": {""Wheelchair accessible entrance"": true, ""Wheelchair accessible parking lot"": true, ""Wheelchair accessible restroom"": true, ""Wheelchair accessible seating"": true}}",failed
The GOLF Shop,Retailer,Golf Retail,False,(419) 592-3911,https://thegolfshopnow.com/,15-211 US-6,Napoleon,Ohio,OH,43545,41.3988448,-84.15560529999999,America/New_York,4.8,Top Rated,0,9,True,True,"https://www.google.com/maps/place/The+Golf+Shop/@41.3988448,-84.15560529999999,14z/data=!4m8!1m2!2m1!1sThe+Golf+Shop!3m4!1s0x883c36ef6b54c723:0xc86026275e393bc8!8m2!3d41.3988448!4d-84.15560529999999",,0,False,Indoor,True,"{""Wednesday"": [""10AM-5PM""]}",False,OPERATIONAL,True,crawled,independent clubmaker Ohio,False,The Golf Shop,"{""Accessibility"": {""Wheelchair accessible entrance"": true, ""Wheelchair accessible parking lot"": true}}",failed
Fine Tune GOLF,Retailer,Golf Retail,False,(330) 715-2282,https://www.finetunegolfing.com/,130 Reimer Rd,Wadsworth,Ohio,OH,44281,41.0529341,-81.69303939999999,America/New_York,0.0,Unrated,0,5,True,True,"https://www.google.com/maps/place/Fine+Tune+Golf/@41.0529341,-81.69303939999999,14z/data=!4m8!1m2!2m1!1sFine+Tune+Golf!3m4!1s0x8830cd5eea1d369f:0x9f99ba99f1adde2c!8m2!3d41.0529341!4d-81.69303939999999",,0,False,Indoor,True,"{""Wednesday"": [""Closed""]}",False,OPERATIONAL,True,crawled,custom club fitting Ohio,False,Fine Tune Golf,"{""Accessibility"": {""Wheelchair accessible parking lot"": true}}",failed
Andrew Decordre GOLF,Simulator,Golf Simulator,False,(267) 355-3586,https://andrewdecordregolf.com/,745 Bridge Rd,Collegeville,Pennsylvania,PA,19426,40.2076524,-75.4352693,America/New_York,4.3,Highly Rated,0,28,True,True,"https://www.google.com/maps/place/Andrew+DeCordre+Golf/@40.2076524,-75.4352693,14z/data=!4m8!1m2!2m1!1sAndrew+DeCordre+Golf!3m4!1s0x89c691cca33909f7:0x6db035e25ea86e4d!8m2!3d40.2076524!4d-75.4352693",,0,False,Indoor,True,"{""Wednesday"": [""Open 24 hours""]}",False,OPERATIONAL,True,crawled,independent clubmaker Pennsylvania,False,Andrew DeCordre Golf,"{""Accessibility"": {""Wheelchair accessible entrance"": true, ""Wheelchair accessible parking lot"": true}}",unknown
White Rose GOLF & Training Center - Harrisburg,Simulator,Golf Simulator,False,(717) 710-2134,https://www.whiterosegolfharrisburg.com/,4510 Paxton St Suite 500,Harrisburg,Pennsylvania,PA,17111,40.2549794,-76.8042212,America/New_York,4.3,Highly Rated,0,9,True,True,"https://www.google.com/maps/place/White+Rose+Golf+%26+Training+Center+-+Harrisburg+%28Formerly+the+Golf+Garage%29/@40.254979399999996,-76.8042212,14z/data=!4m8!1m2!2m1!1sWhite+Rose+Golf+%26+Training+Center+-+Harrisburg+%28Formerly+the+Golf+Garage%29!3m4!1s0x89c8bf95b41024dd:0x4ecf3d03eef9959e!8m2!3d40.254979399999996!4d-76.8042212",,0,False,Indoor,True,"{""Wednesday"": [""10AM-9PM""]}",False,OPERATIONAL,True,crawled,custom club fitting Pennsylvania,False,White Rose Golf & Training Center - Harrisburg,"{""Accessibility"": {""Wheelchair accessible entrance"": true, ""Wheelchair accessible parking lot"": true, ""Wheelchair accessible restroom"": true}}",failed
The GOLF Garage,Simulator,Golf Simulator,False,(267) 355-3586,https://andrewdecordregolf.com/,393 Moyer Rd,Souderton,Pennsylvania,PA,18964,40.2935123,-75.359526,America/New_York,4.0,Well Reviewed,0,4,True,True,"https://www.google.com/maps/place/The+Golf+Garage/@40.293512299999996,-75.359526,14z/data=!4m8!1m2!2m1!1sThe+Golf+Garage!3m4!1s0x89c69f337c909c17:0x6340a54a13e369c6!8m2!3d40.293512299999996!4d-75.359526",,0,False,Indoor,True,"{""Wednesday"": [""Open 24 hours""]}",False,OPERATIONAL,True,crawled,independent clubmaker Pennsylvania,False,The Golf Garage,"{""Accessibility"": {""Wheelchair accessible entrance"": true, ""Wheelchair accessible parking lot"": true}}",unknown
Scranton GOLF Center,Simulator,Golf Simulator,False,(570) 207-6777,https://www.scrantongolfcenter.com/index.html,803 Old State Rd,South Abington Township,Pennsylvania,PA,18411,41.5009289,-75.71226349999999,America/New_York,4.5,Highly Rated,0,8,True,True,"https://www.google.com/maps/place/Scranton+Golf+Center/@41.5009289,-75.71226349999999,14z/data=!4m8!1m2!2m1!1sScranton+Golf+Center!3m4!1s0x89c4d98d49a9bed1:0x31c4fdee22170a47!8m2!3d41.5009289!4d-75.71226349999999",,0,False,Indoor,True,"{""Wednesday"": [""12-9PM""]}",False,OPERATIONAL,True,crawled,custom club fitting Pennsylvania,False,Scranton Golf Center,"{""Accessibility"": {""Wheelchair accessible entrance"": true, ""Wheelchair accessible parking lot"": true, ""Wheelchair accessible restroom"": true}}",unknown
Mygolfconditioning.com,Instruction,Golf Instruction,False,(617) 763-3939,https://www.mygolfconditioning.com/,2 Pearl St,East Greenwich,Rhode Island,RI,02818,41.6613522,-71.4547187,America/New_York,5.0,Top Rated,0,129,True,True,"https://www.google.com/maps/place/MyGolfConditioning.com/@41.661352199999996,-71.4547187,14z/data=!4m8!1m2!2m1!1sMyGolfConditioning.com!3m4!1s0x89e4dd7ef13b7489:0xca8b852d940f7445!8m2!3d41.661352199999996!4d-71.4547187",,0,False,Unknown,True,"{""Wednesday"": [""8:30AM-8PM""]}",False,OPERATIONAL,True,crawl_failed,independent clubmaker Rhode Island,False,MyGolfConditioning.com,"{""Accessibility"": {""Wheelchair accessible entrance"": true, ""Wheelchair accessible parking lot"": true, ""Wheelchair accessible restroom"": true}}",failed
The Golfhouse,Retailer,Golf Retail,False,(843) 364-5024,https://www.golfhousesc.com/,359 Treeland Dr # C,Ladson,South Carolina,SC,29456,33.0123825,-80.1119537,America/New_York,4.9,Top Rated,0,11,True,True,"https://www.google.com/maps/place/The+GOLFHOUSE/@33.0123825,-80.1119537,14z/data=!4m8!1m2!2m1!1sThe+GOLFHOUSE!3m4!1s0x88fe8b0716064f17:0x1dab2f881da914b3!8m2!3d33.0123825!4d-80.1119537",,0,False,Indoor,True,,False,OPERATIONAL,True,crawled,custom club fitting South Carolina,False,The GOLFHOUSE,"{""Accessibility"": {""Wheelchair accessible entrance"": true, ""Wheelchair accessible parking lot"": true}}",failed
Midwest Disc Supply,Retailer,Golf Retail,False,,https://www.facebook.com/MidwestDiscSupply,5010 S Marion Rd,Sioux Falls,South Dakota,SD,57106,43.4996047,-96.789617,America/Chicago,5.0,Top Rated,0,6,True,True,"https://www.google.com/maps/place/Midwest+Disc+Supply/@43.4996047,-96.78961699999999,14z/data=!4m8!1m2!2m1!1sMidwest+Disc+Supply!3m4!1s0x878ec9fbdee1ed17:0x7afacdc01a3f4cb!8m2!3d43.4996047!4d-96.78961699999999",,0,False,Indoor,True,"{""Wednesday"": [""12-11PM""]}",False,OPERATIONAL,True,crawled,boutique golf shop South Dakota,False,Midwest Disc Supply,"{""Accessibility"": {""Wheelchair accessible entrance"": true, ""Wheelchair accessible parking lot"": true}}",unknown
Sanford International,Retailer,Golf Retail,False,(605) 271-7825,https://sanfordinternational.com/,1105 S Minnesota Ave,Sioux Falls,South Dakota,SD,57105,43.5353299,-96.731476,America/Chicago,5.0,Top Rated,0,14,True,True,"https://www.google.com/maps/place/Sanford+International/@43.5353299,-96.731476,14z/data=!4m8!1m2!2m1!1sSanford+International!3m4!1s0x878eb5eb32f968cd:0xa50e6ef847545375!8m2!3d43.5353299!4d-96.731476",,0,False,Indoor,True,"{""Wednesday"": [""8AM-5PM""]}",False,OPERATIONAL,True,crawl_failed,boutique golf shop South Dakota,False,Sanford International,"{""Accessibility"": {""Wheelchair accessible entrance"": true, ""Wheelchair accessible parking lot"": true}}",failed
Valley GOLF Co.,Retailer,Golf Retail,False,(423) 394-1500,https://valleygolfco.com/,604 Browns Ferry Rd,Chattanooga,Tennessee,TN,37419,35.0408873,-85.357034,America/New_York,5.0,Top Rated,0,10,True,True,"https://www.google.com/maps/place/Valley+Golf+Co./@35.0408873,-85.357034,14z/data=!4m8!1m2!2m1!1sValley+Golf+Co.!3m4!1s0x88605963ad39a175:0xbf24e4e306bf99db!8m2!3d35.0408873!4d-85.357034",,0,False,Indoor,True,"{""Wednesday"": [""10AM-5PM""]}",False,OPERATIONAL,True,crawled,boutique golf shop Tennessee,False,Valley Golf Co.,"{""Accessibility"": {""Wheelchair accessible entrance"": true, ""Wheelchair accessible parking lot"": true}}",unknown
Ridgeway Country Club,Driving Range,Driving Range,False,(901) 853-2247,https://www.ridgewaycountryclub.com/,9800 Poplar Ave,Germantown,Tennessee,TN,38139,35.0613296,-89.7346439,America/Chicago,4.8,Top Rated,0,128,True,True,"https://www.google.com/maps/place/Ridgeway+Country+Club/@35.0613296,-89.7346439,14z/data=!4m8!1m2!2m1!1sRidgeway+Country+Club!3m4!1s0x887f984a997693ff:0xed21a4fc5a6e824b!8m2!3d35.0613296!4d-89.7346439",,0,False,Outdoor,False,"{""Wednesday"": [""8AM-9PM""]}",False,OPERATIONAL,True,crawled,boutique golf shop Tennessee,False,Ridgeway Country Club,"{""Accessibility"": {""Wheelchair accessible entrance"": true, ""Wheelchair accessible parking lot"": true}}",failed
"Ccc GOLF Usa, LLC",Instruction,Golf Instruction,False,(615) 495-4868,https://www.cccgolfusa.com/,608 Five Oaks Blvd,Lebanon,Tennessee,TN,37087,36.2490338,-86.3799119,America/Chicago,5.0,Top Rated,0,31,True,True,"https://www.google.com/maps/place/CCC+GOLF+USA%2C+LLC/@36.2490338,-86.3799119,14z/data=!4m8!1m2!2m1!1sCCC+GOLF+USA%2C+LLC!3m4!1s0x886422ff0906150f:0xc0b425b4d806e100!8m2!3d36.2490338!4d-86.3799119",,0,False,Unknown,True,"{""Wednesday"": [""2-6:30PM""]}",False,OPERATIONAL,True,crawl_failed,independent clubmaker Tennessee,False,"CCC GOLF USA, LLC","{""Accessibility"": {""Wheelchair accessible entrance"": true, ""Wheelchair accessible parking lot"": true}}",failed
Hightee,Simulator,Golf Simulator,False,(901) 417-8505,https://hightee.org/,4544 Poplar Ave Suite 102,Memphis,Tennessee,TN,38117,35.1207549,-89.9108169,America/Chicago,4.6,Highly Rated,0,17,True,True,"https://www.google.com/maps/place/HighTee/@35.1207549,-89.9108169,14z/data=!4m8!1m2!2m1!1sHighTee!3m4!1s0x887f9b42a2e53429:0xc3df3f046b4cdda6!8m2!3d35.1207549!4d-89.9108169",,0,False,Indoor,True,"{""Wednesday"": [""11AM-9PM""]}",False,OPERATIONAL,True,crawl_failed,custom club fitting Arkansas,False,HighTee,"{""Accessibility"": {""Wheelchair accessible entrance"": true, ""Wheelchair accessible parking lot"": true, ""Wheelchair accessible restroom"": true}}",failed
Premium GOLF Shirts,Retailer,Golf Retail,False,(615) 915-0828,https://www.premiumgolfshirts.com/,134 Cannon Ave,Murfreesboro,Tennessee,TN,37129,35.8448117,-86.4018497,America/Chicago,0.0,Unrated,0,15,True,True,"https://www.google.com/maps/place/Premium+Golf+Shirts/@35.8448117,-86.4018497,14z/data=!4m8!1m2!2m1!1sPremium+Golf+Shirts!3m4!1s0x8863f982cabe0a3b:0x288062b23c0c6c0f!8m2!3d35.8448117!4d-86.4018497",,0,False,Indoor,True,"{""Wednesday"": [""Open 24 hours""]}",False,OPERATIONAL,True,crawl_failed,boutique golf shop Tennessee,False,Premium Golf Shirts,"{""Accessibility"": {""Wheelchair accessible entrance"": true, ""Wheelchair accessible parking lot"": true}}",unknown
Custom Craft GOLF,Retailer,Golf Retail,False,(817) 460-3600,https://www.customputterworks.com/,3100 W Arkansas Ln I,Arlington,Texas,TX,76016,32.7061019,-97.1565947,America/Chicago,4.4,Highly Rated,0,14,True,True,"https://www.google.com/maps/place/Custom+Craft+Golf/@32.7061019,-97.1565947,14z/data=!4m8!1m2!2m1!1sCustom+Craft+Golf!3m4!1s0x864e7cc7e13a98e9:0xcddc1f32ff5fa461!8m2!3d32.7061019!4d-97.1565947",,0,False,Indoor,True,"{""Wednesday"": [""8AM-4PM""]}",False,OPERATIONAL,True,crawl_failed,independent clubmaker Texas,False,Custom Craft Golf,"{""Accessibility"": {""Wheelchair accessible entrance"": true, ""Wheelchair accessible parking lot"": true}}",failed
Golfroots,Retailer,Golf Retail,False,(214) 302-7440,https://www.golfroots.com/,13260 Josey Ln Suite 106,Farmers Branch,Texas,TX,75234,32.9253419,-96.881029,America/Chicago,4.9,Top Rated,0,162,True,True,"https://www.google.com/maps/place/GolfRoots/@32.9253419,-96.881029,14z/data=!4m8!1m2!2m1!1sGolfRoots!3m4!1s0x864c2174b4ace0e5:0x88db9c69f37939ce!8m2!3d32.9253419!4d-96.881029",,0,False,Indoor,True,"{""Wednesday"": [""9AM-4PM""]}",False,OPERATIONAL,True,crawl_failed,boutique golf shop Texas,False,GolfRoots,"{""Accessibility"": {""Wheelchair accessible entrance"": true, ""Wheelchair accessible parking lot"": true}}",failed
Texas 9 GOLF,Driving Range,Driving Range,False,(817) 303-4370,https://www.texas9.com/,8940 Creek Run Rd,Fort Worth,Texas,TX,76120,32.7636731,-97.1556995,America/Chicago,4.8,Top Rated,0,236,True,True,"https://www.google.com/maps/place/Texas+9+Golf/@32.7636731,-97.1556995,14z/data=!4m8!1m2!2m1!1sTexas+9+Golf!3m4!1s0x864e7c150bddb88d:0xfde02fba666ba711!8m2!3d32.7636731!4d-97.1556995",,0,False,Outdoor,True,"{""Wednesday"": [""6AM-10PM""]}",False,OPERATIONAL,True,crawl_failed,custom club fitting Texas,False,Texas 9 Golf,"{""Accessibility"": {""Wheelchair accessible entrance"": true, ""Wheelchair accessible parking lot"": true, ""Wheelchair accessible restroom"": true, ""Wheelchair accessible seating"": true}}",unknown
Fields Ranch GOLF Shop,Retailer,Golf Retail,False,(469) 888-5840,https://fieldsranch.com/dining-and-shopping#shopping,3725 PGA Pkwy,Frisco,Texas,TX,75033,33.2132882,-96.8526782,America/Chicago,4.6,Highly Rated,0,7,True,True,"https://www.google.com/maps/place/Fields+Ranch+Golf+Shop/@33.2132882,-96.8526782,14z/data=!4m8!1m2!2m1!1sFields+Ranch+Golf+Shop!3m4!1s0x864c397b7a0eff7b:0x656172a0b765fd5!8m2!3d33.2132882!4d-96.8526782",,0,False,Indoor,True,"{""Wednesday"": [""6:30AM-7PM""]}",False,OPERATIONAL,True,crawl_failed,boutique golf shop Texas,False,Fields Ranch Golf Shop,"{""Accessibility"": {""Wheelchair accessible entrance"": true, ""Wheelchair accessible parking lot"": true}}",failed
Z. Max GOLF Studio,Simulator,Golf Simulator,False,(832) 586-2586,https://instagram.com/z.max_golf_studio?igshid=ZGUzMzM3NWJiOQ==,8743 Knight Rd Ste A,Houston,Texas,TX,77054,29.6778993,-95.399285,America/Chicago,5.0,Top Rated,0,108,True,True,"https://www.google.com/maps/place/Z.+Max+Golf+Studio/@29.6778993,-95.39928499999999,14z/data=!4m8!1m2!2m1!1sZ.+Max+Golf+Studio!3m4!1s0x8640ebe52b2732c1:0x3b50763e12183140!8m2!3d29.6778993!4d-95.39928499999999",,0,False,Indoor,True,"{""Wednesday"": [""10AM-8PM""]}",False,OPERATIONAL,True,crawl_failed,independent clubmaker Texas,False,Z. Max Golf Studio,"{""Accessibility"": {""Wheelchair accessible entrance"": true, ""Wheelchair accessible parking lot"": true, ""Wheelchair accessible restroom"": true}}",failed
GOLF Store Houston,Retailer,Golf Retail,False,(832) 659-6465,https://www.texastoughgolf.com/,15018A Vera Dr,Humble,Texas,TX,77396,29.9382555,-95.2911805,America/Chicago,5.0,Top Rated,0,41,True,True,"https://www.google.com/maps/place/Golf+Store+Houston/@29.9382555,-95.2911805,14z/data=!4m8!1m2!2m1!1sGolf+Store+Houston!3m4!1s0x8640b1e84c6c3ccf:0x23fdda5f49a7756e!8m2!3d29.9382555!4d-95.2911805",,0,False,Indoor,True,"{""Wednesday"": [""9AM-6PM""]}",False,OPERATIONAL,True,crawl_failed,boutique golf shop Texas,False,Golf Store Houston,"{""Accessibility"": {""Wheelchair accessible entrance"": true, ""Wheelchair accessible parking lot"": true}, ""Other"": {""LGBTQ+ friendly"": true, ""Identifies as women-owned"": true}}",failed
Mg GOLF,Retailer,Golf Retail,False,(800) 275-1100,https://www.mggolf.com/,3410 Century Cir,Irving,Texas,TX,75062,32.8381014,-96.8940968,America/Chicago,2.7,Standard,0,5,True,True,"https://www.google.com/maps/place/MG+Golf+%28MasterGrip+Inc.%29/@32.8381014,-96.8940968,14z/data=!4m8!1m2!2m1!1sMG+Golf+%28MasterGrip+Inc.%29!3m4!1s0x864e9ce41db6885b:0x899cff73b21a91b8!8m2!3d32.8381014!4d-96.8940968",,0,False,Indoor,True,"{""Wednesday"": [""9AM-5PM""]}",False,OPERATIONAL,True,crawl_failed,boutique golf shop Texas,False,MG Golf,"{""Accessibility"": {""Wheelchair accessible parking lot"": true}}",failed
GOLF Swing Solutions,Retailer,Golf Retail,False,(281) 557-3300,https://www.golfswingsolutionstx.com/,300 Gulf Fwy N,League City,Texas,TX,77573,29.5055253,-95.1144724,America/Chicago,4.6,Highly Rated,0,9,True,True,"https://www.google.com/maps/place/Golf+Swing+Solutions/@29.5055253,-95.1144724,14z/data=!4m8!1m2!2m1!1sGolf+Swing+Solutions!3m4!1s0x86409d2b5becc0df:0x5c3607012770f7fb!8m2!3d29.5055253!4d-95.1144724",,0,False,Indoor,True,"{""Wednesday"": [""10AM-6PM""]}",False,OPERATIONAL,True,crawl_failed,independent clubmaker Texas,False,Golf Swing Solutions,"{""Accessibility"": {""Wheelchair accessible entrance"": true, ""Wheelchair accessible parking lot"": true}}",unknown
Replay Sports Gear,Retailer,Golf Retail,False,(214) 504-0504,https://replaysportsgear.com/,4900 Eldorado Pkwy,Mckinney,Texas,TX,75072,33.1753638,-96.6831511,America/Chicago,4.8,Top Rated,0,32,True,True,"https://www.google.com/maps/place/Replay+Sports+Gear/@33.1753638,-96.68315109999999,14z/data=!4m8!1m2!2m1!1sReplay+Sports+Gear!3m4!1s0x864c1418d215ba97:0x92669ff372f9aba1!8m2!3d33.1753638!4d-96.68315109999999",,0,False,Indoor,True,"{""Wednesday"": [""10AM-7PM""]}",False,OPERATIONAL,True,crawl_failed,boutique golf shop Texas,False,Replay Sports Gear,"{""Accessibility"": {""Wheelchair accessible entrance"": true, ""Wheelchair accessible parking lot"": true}}",failed
GOLF Tech,Retailer,Golf Retail,False,(972) 423-0152,https://www.golftechplano.com/,703 K Ave #101,Plano,Texas,TX,75074,33.0082397,-96.6999359,America/Chicago,4.8,Top Rated,0,22,True,True,"https://www.google.com/maps/place/Golf+Tech/@33.0082397,-96.6999359,14z/data=!4m8!1m2!2m1!1sGolf+Tech!3m4!1s0x864c19114abacfd5:0x63e8bab606f07919!8m2!3d33.0082397!4d-96.6999359",,0,False,Indoor,True,"{""Wednesday"": [""10AM-6PM""]}",False,OPERATIONAL,True,crawl_failed,independent clubmaker Texas,False,Golf Tech,"{""Accessibility"": {""Wheelchair accessible entrance"": true, ""Wheelchair accessible parking lot"": true}}",failed
Pg GOLF LLC,Retailer,Golf Retail,False,(888) 681-9381,https://www.pggolf.com/,12520 W Airport Blvd Suite 900,Sugar Land,Texas,TX,77478,29.6507473,-95.5983539,America/Chicago,3.5,Standard,0,72,True,True,"https://www.google.com/maps/place/PG+Golf+LLC/@29.6507473,-95.59835389999999,14z/data=!4m8!1m2!2m1!1sPG+Golf+LLC!3m4!1s0x8640e7a839305207:0x433e96300d28856a!8m2!3d29.6507473!4d-95.59835389999999",,0,False,Indoor,True,"{""Wednesday"": [""7:30AM-5PM""]}",False,OPERATIONAL,True,crawl_failed,boutique golf shop Texas,False,PG Golf LLC,"{""Accessibility"": {""Wheelchair accessible entrance"": true, ""Wheelchair accessible parking lot"": true, ""Wheelchair accessible restroom"": true}}",unknown
The Club Fix Texas,Retailer,Golf Retail,False,(844) 258-2349,https://theclubfixtexas.com/,1000 Lebanon Rd,The Colony,Texas,TX,75056,33.100932,-96.9328269,America/Chicago,3.9,Well Reviewed,0,2,True,False,"https://www.google.com/maps/place/The+Club+Fix+Texas/@33.100932,-96.9328269,14z/data=!4m8!1m2!2m1!1sThe+Club+Fix+Texas!3m4!1s0x864c306541828c85:0x4914047de0119659!8m2!3d33.100932!4d-96.9328269",,0,False,Indoor,True,"{""Wednesday"": [""8AM-7PM""]}",False,OPERATIONAL,True,crawl_failed,independent clubmaker Texas,False,The Club Fix Texas,"{""Accessibility"": {""Wheelchair accessible entrance"": true, ""Wheelchair accessible parking lot"": true}}",failed
Beehive GOLF Club,Simulator,Golf Simulator,False,(385) 269-2912,https://beehivegolfclub.com/,2086 W Grove Pkwy Suite E,Pleasant Grove,Utah,UT,84062,40.3544809,-111.769098,America/Denver,5.0,Top Rated,0,8,True,True,"https://www.google.com/maps/place/Beehive+Golf+Club/@40.3544809,-111.769098,14z/data=!4m8!1m2!2m1!1sBeehive+Golf+Club!3m4!1s0x874d83b882a26dc3:0x7d78f8cea75e671f!8m2!3d40.3544809!4d-111.769098",,0,False,Indoor,True,"{""Wednesday"": [""Open 24 hours""]}",False,OPERATIONAL,True,crawl_failed,custom club fitting Utah,False,Beehive Golf Club,"{""Accessibility"": {""Wheelchair accessible entrance"": true, ""Wheelchair accessible parking lot"": true}}",failed
Fizgolf,Retailer,Golf Retail,False,,https://www.fizgolf.com/,,Salt Lake City,Utah,UT,84102,40.7664486,-111.8746481,America/Denver,1.0,Standard,0,1,True,False,"https://www.google.com/maps/place/FIZGOLF/@40.7664486,-111.8746481,14z/data=!4m8!1m2!2m1!1sFIZGOLF!3m4!1s0x8752f571f85fcd39:0xe8eb1c810d05099f!8m2!3d40.7664486!4d-111.8746481",,0,False,Indoor,True,"{""Wednesday"": [""10AM-6PM""]}",False,OPERATIONAL,True,crawl_failed,boutique golf shop Utah,False,FIZGOLF,"{""Accessibility"": {""Wheelchair accessible parking lot"": true}}",unknown
Hot GOLF Equipment And Supplies,Retailer,Golf Retail,False,(703) 250-4489,https://hotgolfequipmentandsupplies.com/,10137 Marshall Pond Rd,Burke,Virginia,VA,22015,38.7827776,-77.2968585,America/New_York,0.0,Unrated,0,77,True,True,"https://www.google.com/maps/place/Hot+Golf+Equipment+and+Supplies/@38.782777599999996,-77.2968585,14z/data=!4m8!1m2!2m1!1sHot+Golf+Equipment+and+Supplies!3m4!1s0x89b65146360ff0b1:0x6d3076a966afd7dc!8m2!3d38.782777599999996!4d-77.2968585",,0,False,Indoor,True,"{""Wednesday"": [""Open 24 hours""]}",False,OPERATIONAL,True,crawl_failed,boutique golf shop Virginia,False,Hot Golf Equipment and Supplies,"{""Accessibility"": {""Wheelchair accessible parking lot"": true, ""Wheelchair accessible restroom"": false, ""Wheelchair accessible seating"": false}, ""Other"": {""LGBTQ+ friendly"": true}}",failed
Hot-z GOLF,Retailer,Golf Retail,False,,https://hotzgolf.com/,324 Moore Ave Building #7,Suffolk,Virginia,VA,23434,36.7338683,-76.57386559999999,America/New_York,0.0,Unrated,0,1,True,False,"https://www.google.com/maps/place/Hot-Z+Golf/@36.7338683,-76.57386559999999,14z/data=!4m8!1m2!2m1!1sHot-Z+Golf!3m4!1s0x89b00f17b1620abf:0x28fcc6c21f816e29!8m2!3d36.7338683!4d-76.57386559999999",,0,False,Indoor,True,,False,OPERATIONAL,True,crawl_failed,boutique golf shop Virginia,False,Hot-Z Golf,"{""Accessibility"": {""Wheelchair accessible entrance"": true, ""Wheelchair accessible parking lot"": true}}",failed
Aeropines GOLF Club,Driving Range,Driving Range,False,(757) 433-2866,https://www.navymwroceanadamneck.com/programs/f604e1bc-2b2e-4237-8321-cf5ef95ac3f7,1001 G Ave,Virginia Beach,Virginia,VA,23460,36.8034328,-76.0260587,America/New_York,4.2,Well Reviewed,0,81,True,True,"https://www.google.com/maps/place/Aeropines+Golf+Club/@36.803432799999996,-76.0260587,14z/data=!4m8!1m2!2m1!1sAeropines+Golf+Club!3m4!1s0x89bac1c55dac1a49:0x65fdf800cd815708!8m2!3d36.803432799999996!4d-76.0260587",,0,False,Outdoor,True,"{""Wednesday"": [""6AM-5:30PM""]}",False,OPERATIONAL,True,crawl_failed,custom club fitting Virginia,False,Aeropines Golf Club,"{""Accessibility"": {""Wheelchair accessible entrance"": true, ""Wheelchair accessible parking lot"": true}}",failed
Essex Country Club,Driving Range,Driving Range,False,(802) 879-3232,https://www.essexccvt.com/,332 Old Stage Rd,Essex Junction,Vermont,VT,05452,44.5548755,-73.0685977,America/New_York,3.6,Standard,0,41,True,True,"https://www.google.com/maps/place/Essex+Country+Club/@44.5548755,-73.0685977,14z/data=!4m8!1m2!2m1!1sEssex+Country+Club!3m4!1s0x4cca7683698a0abb:0xe87a5f5a6e4956f6!8m2!3d44.5548755!4d-73.0685977",,0,False,Outdoor,False,"{""Wednesday"": [""7AM-6PM""]}",False,OPERATIONAL,True,crawl_failed,boutique golf shop Vermont,False,Essex Country Club,"{""Accessibility"": {""Wheelchair accessible entrance"": true, ""Wheelchair accessible parking lot"": true}, ""Other"": {""LGBTQ+ friendly"": true}}",failed
Vermont Custom GOLF,Retailer,Golf Retail,False,(802) 277-0809,https://vermontcustomgolf.com/contact-us/,39 Essex Way,Essex Junction,Vermont,VT,05452,44.50306399999999,-73.0838441,America/New_York,0.0,Unrated,0,0,False,False,"https://www.google.com/maps/place/Vermont+Custom+Golf/@44.503063999999995,-73.0838441,14z/data=!4m8!1m2!2m1!1sVermont+Custom+Golf!3m4!1s0x4cca779f6a0c0001:0xc116cd29823440e1!8m2!3d44.503063999999995!4d-73.0838441",,0,False,Indoor,True,,False,OPERATIONAL,True,crawl_failed,independent clubmaker Vermont,False,Vermont Custom Golf,"{""Accessibility"": {""Wheelchair accessible parking lot"": true}}",failed
802 GOLF,Driving Range,Driving Range,False,(802) 379-9755,https://www.802golfacademy.com/,Vermont Rte 7a,Manchester,Vermont,VT,05254,43.1921386,-73.0427551,America/New_York,4.6,Highly Rated,0,16,True,True,"https://www.google.com/maps/place/802+GOLF/@43.1921386,-73.0427551,14z/data=!4m8!1m2!2m1!1s802+GOLF!3m4!1s0x89e05fc5a4c1e7c1:0xe6e2c1317097504b!8m2!3d43.1921386!4d-73.0427551",,0,False,Outdoor,True,"{""Wednesday"": [""6AM-7:30PM""]}",False,OPERATIONAL,True,crawl_failed,independent clubmaker Vermont,False,802 GOLF,"{""Accessibility"": {""Wheelchair accessible entrance"": true, ""Wheelchair accessible parking lot"": true}, ""Other"": {""Identifies as women-owned"": true}}",failed
Power Play Sports,Retailer,Golf Retail,False,(802) 888-6557,https://www.powerplaysportsvt.com/,35 Portland St,Morrisville,Vermont,VT,05661,44.5622596,-72.598648,America/New_York,4.6,Highly Rated,0,16,True,True,"https://www.google.com/maps/place/Power+Play+Sports/@44.5622596,-72.598648,14z/data=!4m8!1m2!2m1!1sPower+Play+Sports!3m4!1s0x4cb5eab4da04fc35:0xe39ca4e595b8a4c3!8m2!3d44.5622596!4d-72.598648",,0,False,Indoor,True,"{""Wednesday"": [""9AM-6PM""]}",False,OPERATIONAL,True,crawl_failed,boutique golf shop Vermont,False,Power Play Sports,"{""Accessibility"": {""Wheelchair accessible entrance"": true, ""Wheelchair accessible parking lot"": true}, ""Other"": {""LGBTQ+ friendly"": true}}",failed
Jonesy's GOLF Shop,Retailer,Golf Retail,False,(802) 334-2391,https://www.newportscountryclub.com/,590 Mt Vernon St,Newport,Vermont,VT,05855,44.9329686,-72.1934606,America/New_York,0.0,Unrated,0,1,True,True,"https://www.google.com/maps/place/Jonesy%27s+Golf+Shop/@44.932968599999995,-72.1934606,14z/data=!4m8!1m2!2m1!1sJonesy%27s+Golf+Shop!3m4!1s0x4cb671762f5ff2a1:0x917e938182e9a589!8m2!3d44.932968599999995!4d-72.1934606",,0,False,Indoor,True,"{""Wednesday"": [""7AM-7PM""]}",False,OPERATIONAL,True,crawl_failed,boutique golf shop Vermont,False,Jonesy's Golf Shop,"{""Accessibility"": {""Wheelchair accessible parking lot"": true}}",failed
Newport Country Club,Driving Range,Driving Range,False,(802) 334-2391,https://www.newportscountryclub.com/,590 Mt Vernon St,Newport,Vermont,VT,05855,44.9329686,-72.1934607,America/New_York,4.6,Highly Rated,0,84,True,True,"https://www.google.com/maps/place/Newport+Country+Club/@44.932968599999995,-72.1934607,14z/data=!4m8!1m2!2m1!1sNewport+Country+Club!3m4!1s0x4cb671b9f9bfdeed:0xeb8b8ecb7b4b430d!8m2!3d44.932968599999995!4d-72.1934607",,0,False,Outdoor,False,"{""Wednesday"": [""7AM-8PM""]}",False,OPERATIONAL,True,crawl_failed,boutique golf shop Vermont,False,Newport Country Club,"{""Accessibility"": {""Wheelchair accessible entrance"": true, ""Wheelchair accessible parking lot"": true}}",failed
Alpine Shop Vt,Retailer,Golf Retail,False,(802) 862-2714,https://www.alpineshopvt.com/,935 Shelburne Rd,South Burlington,Vermont,VT,05403,44.4437441,-73.21227329999999,America/New_York,4.6,Highly Rated,0,51,True,True,"https://www.google.com/maps/place/Alpine+Shop+VT/@44.443744099999996,-73.21227329999999,14z/data=!4m8!1m2!2m1!1sAlpine+Shop+VT!3m4!1s0x4cca7a30341edc87:0x2cf299c589c5b2ee!8m2!3d44.443744099999996!4d-73.21227329999999",,0,False,Indoor,True,"{""Wednesday"": [""10AM-6PM""]}",False,OPERATIONAL,True,crawl_failed,boutique golf shop Vermont,False,Alpine Shop VT,"{""Accessibility"": {""Wheelchair accessible entrance"": true, ""Wheelchair accessible parking lot"": true, ""Wheelchair accessible restroom"": true}, ""Other"": {""Identifies as women-owned"": true}}",failed
PRO GOLF Discount,Retailer,Golf Retail,False,(509) 248-0800,https://progolfyakima.com/,2106 W Nob Hill Blvd #106,Yakima,Washington,WA,98902,46.5851215,-120.537452,America/Los_Angeles,4.9,Top Rated,66,19,True,True,"https://www.google.com/maps/place/Pro+Golf+Discount/@46.5851215,-120.53745199999999,14z/data=!4m8!1m2!2m1!1sPro+Golf+Discount!3m4!1s0x5499d7c402513511:0x23ed3a0619f764ce!8m2!3d46.5851215!4d-120.53745199999999",,0,False,Indoor,True,"{""Monday"": [""10AM-5PM""], ""Tuesday"": [""10AM-5PM""], ""Wednesday"": [""10AM-5PM""], ""Thursday"": [""10AM-5PM""], ""Friday"": [""10AM-5PM""], ""Saturday"": [""10AM-5PM""], ""Sunday"": [""Closed""]}",True,OPERATIONAL,True,crawl_failed,boutique golf shop Washington,False,Pro Golf Discount,"{""From the business"": {""Small business"": true}, ""Service options"": {""In-store pickup"": true, ""In-store shopping"": true, ""Onsite services"": true, ""Delivery"": false}, ""Accessibility"": {""Wheelchair accessible entrance"": true, ""Wheelchair accessible parking lot"": true, ""Wheelchair accessible restroom"": true}, ""Planning"": {""Quick visit"": true}, ""Payments"": {""Credit cards"": true, ""Debit cards"": true, ""NFC mobile payments"": true}}",unknown
Hornungs,Retailer,Golf Retail,False,(920) 922-2640,https://www.hornungs.com/,815 Morris St,Fond Du Lac,Wisconsin,WI,54935,43.756803,-88.4561447,America/Chicago,0.0,Unrated,0,1,True,True,"https://www.google.com/maps/place/Hornungs/@43.756803,-88.4561447,14z/data=!4m8!1m2!2m1!1sHornungs!3m4!1s0x880475141f1729b7:0x96ad56dab07aff55!8m2!3d43.756803!4d-88.4561447",,0,False,Indoor,True,"{""Wednesday"": [""8AM-4:30PM""]}",False,OPERATIONAL,True,crawl_failed,boutique golf shop Wisconsin,False,Hornungs,"{""Accessibility"": {""Wheelchair accessible entrance"": true, ""Wheelchair accessible parking lot"": true}}",failed
Pz GOLF At The Shank Shack,Simulator,Golf Simulator,False,(715) 390-4479,https://www.pzgolf.net/,N3802 10th Ave,Hancock,Wisconsin,WI,54943,44.1160038,-89.4237078,America/Chicago,5.0,Top Rated,0,27,True,True,"https://www.google.com/maps/place/PZ+Golf+at+The+Shank+Shack/@44.1160038,-89.4237078,14z/data=!4m8!1m2!2m1!1sPZ+Golf+at+The+Shank+Shack!3m4!1s0x4826aed0e17effab:0x3abbe77d2a196d9f!8m2!3d44.1160038!4d-89.4237078",,0,False,Indoor,True,"{""Wednesday"": [""9AM-8PM""]}",False,OPERATIONAL,True,crawl_failed,custom club fitting Wisconsin,False,PZ Golf at The Shank Shack,"{""Accessibility"": {""Wheelchair accessible entrance"": true, ""Wheelchair accessible parking lot"": true}, ""Other"": {""Identifies as veteran-owned"": true}}",failed
Blind Shot Social Club,Simulator,Golf Simulator,False,(608) 230-5278,https://www.blindshotsocialclub.com/,177 S Fair Oaks Ave,Madison,Wisconsin,WI,53704,43.0958431,-89.337668,America/Chicago,4.4,Highly Rated,0,440,True,True,"https://www.google.com/maps/place/Blind+Shot+Social+Club/@43.095843099999996,-89.337668,14z/data=!4m8!1m2!2m1!1sBlind+Shot+Social+Club!3m4!1s0x880655a8cef5ba71:0xe7ee518dad070b03!8m2!3d43.095843099999996!4d-89.337668",,0,False,Indoor,True,"{""Wednesday"": [""11AM-10PM""]}",False,OPERATIONAL,True,crawl_failed,custom club fitting Wisconsin,False,Blind Shot Social Club,"{""Accessibility"": {""Wheelchair accessible entrance"": true, ""Wheelchair accessible parking lot"": true, ""Wheelchair accessible restroom"": true, ""Wheelchair accessible seating"": true, ""Assistive hearing loop"": false}, ""Other"": {""LGBTQ+ friendly"": true, ""Identifies as women-owned"": true}}",failed
Two Guys With Balls,Retailer,Golf Retail,False,,https://twoguyswithballs.com/,1405 W Silver Spring Dr,Milwaukee,Wisconsin,WI,53209,43.1184938,-87.9278746,America/Chicago,5.0,Top Rated,0,16,True,True,"https://www.google.com/maps/place/Two+Guys+with+Balls/@43.118493799999996,-87.9278746,14z/data=!4m8!1m2!2m1!1sTwo+Guys+with+Balls!3m4!1s0x8804e5880be61ecb:0xd098c39a2dd59219!8m2!3d43.118493799999996!4d-87.9278746",,0,False,Indoor,True,,False,OPERATIONAL,True,crawl_failed,boutique golf shop Wisconsin,False,Two Guys with Balls,"{""Accessibility"": {""Wheelchair accessible parking lot"": true}}",failed
The Pines GOLF Shop,Retailer,Golf Retail,False,(715) 325-2968,https://www.lakearrowheadgolf.com/golf,1195 Apache Ln,Nekoosa,Wisconsin,WI,54457,44.1920529,-89.8170979,America/Chicago,4.5,Highly Rated,0,1,True,False,"https://www.google.com/maps/place/The+Pines+Golf+Shop/@44.1920529,-89.8170979,14z/data=!4m8!1m2!2m1!1sThe+Pines+Golf+Shop!3m4!1s0x880091d56a9dcbeb:0x6d8bb3725cf89322!8m2!3d44.1920529!4d-89.8170979",,0,False,Indoor,True,"{""Wednesday"": [""7AM-6PM""]}",False,OPERATIONAL,True,crawl_failed,boutique golf shop Wisconsin,False,The Pines Golf Shop,"{""Accessibility"": {""Wheelchair accessible entrance"": true, ""Wheelchair accessible parking lot"": true}}",failed
GOLF Central Wisconsin,Retailer,Golf Retail,False,(608) 509-3021,https://golfcentralwi.com/,2040 Jay Mar Rd,Plover,Wisconsin,WI,54467,44.4546467,-89.53019859999999,America/Chicago,3.0,Standard,0,3,True,True,"https://www.google.com/maps/place/Golf+Central+Wisconsin/@44.4546467,-89.53019859999999,14z/data=!4m8!1m2!2m1!1sGolf+Central+Wisconsin!3m4!1s0x880057155a251d09:0xdad9061b3c56b4ad!8m2!3d44.4546467!4d-89.53019859999999",,0,False,Indoor,True,"{""Wednesday"": [""8AM-4PM""]}",False,OPERATIONAL,True,crawl_failed,custom club fitting Wisconsin,False,Golf Central Wisconsin,"{""Accessibility"": {""Wheelchair accessible entrance"": true, ""Wheelchair accessible parking lot"": true}}",unknown
Holen1golf - Eric Holen,Driving Range,Driving Range,False,(651) 216-4539,https://www.wwigolf.com/lessons.html#/,104 Ivy Dr,Woodville,Wisconsin,WI,54028,44.9484522,-92.2951452,America/Chicago,4.9,Top Rated,0,2,True,False,"https://www.google.com/maps/place/Holen1Golf+-+Eric+Holen/@44.9484522,-92.2951452,14z/data=!4m8!1m2!2m1!1sHolen1Golf+-+Eric+Holen!3m4!1s0x87f7e202e7cbe27d:0x8a88c0f2e1f485de!8m2!3d44.9484522!4d-92.2951452",,0,False,Outdoor,True,"{""Wednesday"": [""9AM-12PM"", ""1-4PM"", ""5-8PM""]}",False,OPERATIONAL,True,crawl_failed,custom club fitting Wisconsin,False,Holen1Golf - Eric Holen,"{""Accessibility"": {""Wheelchair accessible entrance"": true, ""Wheelchair accessible parking lot"": true, ""Wheelchair accessible seating"": true}}",failed
