score,problem,details,name,city,state,rating,reviews,phone,website,listing
77,dead,,A To Z GOLF Coaching & Fitting Center,Hampton,GA,4.9,61,(770) 477-2099,https://atozgolfpro.com/,https://clubfittingdirectory.com/listing/a-to-z-golf-coaching-fitting-center-hampton-ga
59,dead,,Purestrike GOLF - Wake Forest,Wake Forest,NC,5.0,,(919) 274-6880,https://purestrikegolf.co/,https://clubfittingdirectory.com/listing/purestrike-golf-wake-forest-wake-forest-nc
59,dead,,Savannah Indoor GOLF Club,Savannah,GA,5.0,,(912) 655-9119,https://savannahindoorgolfclub.com/,https://clubfittingdirectory.com/listing/savannah-indoor-golf-club-savannah-ga
59,dead,,Golph Co.,Carrollton,GA,4.9,,(770) 687-9738,https://golphco.com/,https://clubfittingdirectory.com/listing/golph-co-carrollton-ga
59,dead,,Freedom GOLF Lab,Columbia,TN,5.0,,(931) 374-6023,https://www.freedomgolflab.com/,https://clubfittingdirectory.com/listing/freedom-golf-lab-columbia-tn
55,seo_basics,"thin-title,no-meta-description",No Bogeys Golf,Laguna Beach,CA,4.8,102,(949) 595-4405,https://nobogeysgolf.com/,https://clubfittingdirectory.com/listing/no-bogeys-golf-laguna-beach-ca
54,dead,,Sellinger's GOLF Shop,Spring,TX,5.0,,(832) 721-5108,https://saulsellingersgolfshop.com/,https://clubfittingdirectory.com/listing/sellingers-golf-shop-spring-tx
54,dead,,The North GOLF Clothing,Edina,MN,5.0,,(612) 816-5299,https://www.thenorthgolf.com/contact,https://clubfittingdirectory.com/listing/the-north-golf-clothing-edina-mn
53,social_only,,GOLF Fit USA,Kearney,NE,4.9,,(308) 455-3371,https://www.facebook.com/GolfFitUSA/,https://clubfittingdirectory.com/listing/golf-fit-usa-kearney-ne
53,dead,,PRO AM GOLF USA,St. Louis,MO,4.5,,(314) 647-8054,https://www.proamgolfusa.com/,https://clubfittingdirectory.com/listing/pro-am-golf-usa-st-louis-mo
53,social_only,,Bullet's Club Service,Newport,TN,5.0,,(423) 415-6820,https://www.facebook.com/share/18vDqyyh7R/?mibextid=wwXIfr,https://clubfittingdirectory.com/listing/bullets-club-service-newport-tn
53,social_only,,Kauffman's Custom Clubs,Centerton,AR,5.0,,(785) 285-1052,https://www.facebook.com/share/16SVaLWx3r/,https://clubfittingdirectory.com/listing/kauffmans-custom-clubs-centerton-ar
50,seo_basics,no-h1,Morton GOLF Sales,Sacramento,CA,4.8,138,(888) 988-3673,https://www.mortongolfsales.com/,https://clubfittingdirectory.com/listing/morton-golf-sales-sacramento-ca
48,social_only,,Fincastle GOLF Academy,Bluefield,VA,4.9,,(304) 972-2739,https://www.facebook.com/profile.php?id=100078312873173,https://clubfittingdirectory.com/listing/fincastle-golf-academy-bluefield-va
48,social_only,,Oliver's Lessons & Club Repairs,Lancaster,MO,5.0,,(660) 216-9270,https://m.facebook.com/OliversLessonsandClubRepairs,https://clubfittingdirectory.com/listing/olivers-lessons-club-repairs-lancaster-mo
48,dead,,The GOLF Lab,Chantilly,VA,4.7,,(571) 469-8077,https://www.thegolflabva.com/,https://clubfittingdirectory.com/listing/the-golf-lab-chantilly-va
47,free_builder,,Remarcable GOLF,Kernersville,NC,5.0,,(336) 690-8944,https://remarcablegolf.wordpress.com/,https://clubfittingdirectory.com/listing/remarcable-golf-kernersville-nc
47,social_only,,Cajun Made GOLF Products INC,Monroe,LA,4.7,,(318) 387-0738,https://www.facebook.com/p/Cajun-Made-Golf-Products-100057160642241/,https://clubfittingdirectory.com/listing/cajun-made-golf-products-inc-monroe-la
47,social_only,,Kouros Logic GOLF,Rowland Heights,CA,4.6,,(626) 546-8336,https://www.facebook.com/profile.php?id=100063452656668,https://clubfittingdirectory.com/listing/kouros-logic-golf-rowland-heights-ca
46,seo_basics,no-meta-description,Twenty To Scratch,Rogers,AR,5.0,,(479) 200-4069,https://twentytoscratch.com/,https://clubfittingdirectory.com/listing/twenty-to-scratch-rogers-ar
43,ssl_error,,Kustom Clubs Fitting Center,Manchester,NH,4.8,,(603) 623-7876,https://www.kustomclubs.com/,https://clubfittingdirectory.com/listing/kustom-clubs-fitting-center-manchester-nh
43,ssl_error,,Oakmont GOLF Center,Oakmont,PA,4.8,,(412) 828-1580,https://www.oakmontgolfcenter.com/,https://clubfittingdirectory.com/listing/oakmont-golf-center-oakmont-pa
43,ssl_error,,Golfclubtec,Hudson,NH,5.0,,(339) 221-0361,https://www.golfclubtec.com/,https://clubfittingdirectory.com/listing/golfclubtec-hudson-nh
43,ssl_error,,Spring Lake Custom GOLF,Spring Lake,NJ,5.0,,(732) 449-1116,https://www.springlakecustomgolf.com/,https://clubfittingdirectory.com/listing/spring-lake-custom-golf-spring-lake-nj
43,seo_basics,"no-meta-description,no-h1",Elite Fit GOLF,Decatur,GA,4.9,38,(404) 225-2511,https://elitefitgolf.com/,https://clubfittingdirectory.com/listing/elite-fit-golf-decatur-ga
43,ssl_error,,Bebu GOLF Studios,Gretna,LA,4.8,,(301) 814-3453,https://www.bebugolfstudio.com/,https://clubfittingdirectory.com/listing/bebu-golf-studios-gretna-la
43,ssl_error,,Jbm GOLF,Valrico,FL,5.0,,(813) 546-2229,https://www.jbmgolf.com/contact-us.html,https://clubfittingdirectory.com/listing/jbm-golf-valrico-fl
43,ssl_error,,Condor GOLF Custom Clubs & Repair,Sun City,AZ,5.0,,(623) 581-2986,https://www.condorgolf.com/,https://clubfittingdirectory.com/listing/condor-golf-custom-clubs-repair-sun-city-az
43,seo_basics,no-h1,Augusta Custom Clubs And Swing Analysis,Augusta,GA,4.8,20,(706) 910-2614,https://www.augustacustomclubs.com/,https://clubfittingdirectory.com/listing/augusta-custom-clubs-and-swing-analysis-augusta-ga
43,ssl_error,,GOLF Care Center INC,Bethesda,MD,4.9,,(301) 652-6094,https://www.golfcarecenter.com/,https://clubfittingdirectory.com/listing/golf-care-center-inc-bethesda-md
41,none,,GolfTEC Santa Monica,SANTA MONICA,CA,,,,,https://clubfittingdirectory.com/listing/golftec-santa-monica-santa-monica-ca
41,none,,Club Champion,Newport Beach,CA,,,,,https://clubfittingdirectory.com/listing/club-champion-newport-beach-ca
41,none,,True Spec Golf - Atlanta,Atlanta,GA,,,,,https://clubfittingdirectory.com/listing/true-spec-golf-atlanta-atlanta-ga
41,none,,Vans - Tucson (oracle),TUCSON,AZ,,,,,https://clubfittingdirectory.com/listing/vans-tucson-oracle-tucson-az
41,none,,Golf Headquarters,MCALLEN,TX,,,,,https://clubfittingdirectory.com/listing/golf-headquarters-mcallen-tx
41,none,,Roger Dunn - Canoga Park,CANOGA PARK,CA,,,,,https://clubfittingdirectory.com/listing/roger-dunn-canoga-park-canoga-park-ca
41,none,,Golf Trader,TAMARAC,FL,,,,,https://clubfittingdirectory.com/listing/golf-trader-tamarac-fl
41,none,,Edwin Watts - Jacksonville Beach,JAX BCH,FL,,,,,https://clubfittingdirectory.com/listing/edwin-watts-jacksonville-beach-jax-bch-fl
41,none,,GolfTEC Clearwater Mall,CLEARWATER,FL,,,,,https://clubfittingdirectory.com/listing/golftec-clearwater-mall-clearwater-fl
41,none,,Club Champion,Tucson,AZ,,,,,https://clubfittingdirectory.com/listing/club-champion-tucson-az
41,none,,Vans - North Scottsdale,SCOTTSDALE,AZ,,,,,https://clubfittingdirectory.com/listing/vans-north-scottsdale-scottsdale-az
41,none,,The Golf Center,CARROLLTON,TX,,,,,https://clubfittingdirectory.com/listing/the-golf-center-carrollton-tx
41,none,,Hornacek's Golf - Scottsdale,SCOTTSDALE,AZ,,,,,https://clubfittingdirectory.com/listing/hornacek-s-golf-scottsdale-scottsdale-az
41,none,,Club Champion,Roseville,CA,,,,,https://clubfittingdirectory.com/listing/club-champion-roseville-ca
41,none,,Golf Galaxy - Lutz,LUTZ,FL,,,,,https://clubfittingdirectory.com/listing/golf-galaxy-lutz-lutz-fl
41,none,,PGA Tour Superstore San Antonio,San Antonio,TX,,,,,https://clubfittingdirectory.com/listing/pga-tour-superstore-san-antonio-san-antonio-tx
41,none,,GolfTEC Mission Viejo,MISSION VIEJO,CA,,,,,https://clubfittingdirectory.com/listing/golftec-mission-viejo-mission-viejo-ca
41,none,,Golf Galaxy - Northpark,DALLAS,TX,,,,,https://clubfittingdirectory.com/listing/golf-galaxy-northpark-dallas-tx
41,none,,Golf Galaxy - Pembroke Crossing,PEMBROKE PINES,FL,,,,,https://clubfittingdirectory.com/listing/golf-galaxy-pembroke-crossing-pembroke-pines-fl
41,none,,Club Champion,Corona,CA,,,,,https://clubfittingdirectory.com/listing/club-champion-corona-ca
41,none,,The Golf And Casual Shop,FORT MYERS,FL,,,239-936-8753,,https://clubfittingdirectory.com/listing/the-golf-and-casual-shop-fort-myers-fl
41,none,,Club Champion,Glendale,AZ,,,,,https://clubfittingdirectory.com/listing/club-champion-glendale-az
41,none,,PGA Tour Superstore Plano (accent),PLANO,TX,,,,,https://clubfittingdirectory.com/listing/pga-tour-superstore-plano-accent-plano-tx
41,none,,Club Masters LLC - Custom Golf Clubs Fitting,Lake Park,FL,,,+1561-622-9445,,https://clubfittingdirectory.com/listing/club-masters-llc-custom-golf-clubs-fitting-lake-park-fl
41,none,,GolfTEC Buckhead Station,ATLANTA,GA,,,,,https://clubfittingdirectory.com/listing/golftec-buckhead-station-atlanta-ga
41,seo_basics,no-h1,Tyler GOLF,Tyler,TX,5.0,,(430) 444-2487,https://tylergolfshop.com/,https://clubfittingdirectory.com/listing/tyler-golf-tyler-tx
41,none,,GolfTEC Tempe,TEMPE,AZ,,,,,https://clubfittingdirectory.com/listing/golftec-tempe-tempe-az
41,none,,GolfTEC Fox Creek,SMYRNA,GA,,,,,https://clubfittingdirectory.com/listing/golftec-fox-creek-smyrna-ga
41,none,,Ifit Golf,RANCHO CORDOVA,CA,,,,,https://clubfittingdirectory.com/listing/ifit-golf-rancho-cordova-ca
41,none,,Rwk golf,Smyrna,GA,,,+1470-345-8414,,https://clubfittingdirectory.com/listing/rwk-golf-smyrna-ga
41,none,,GolfTEC North Dallas,DALLAS,TX,,,,,https://clubfittingdirectory.com/listing/golftec-north-dallas-dallas-tx
41,none,,Cool Clubs,Foster City,CA,,,,,https://clubfittingdirectory.com/listing/cool-clubs-foster-city-ca
41,none,,Edwin Watts - Savannah,SAVANNAH,GA,,,,,https://clubfittingdirectory.com/listing/edwin-watts-savannah-savannah-ga
41,none,,PGA Tour Superstore Irvine,IRVINE,CA,,,,,https://clubfittingdirectory.com/listing/pga-tour-superstore-irvine-irvine-ca
41,none,,Edwin Watts - Pensacola,PENSACOLA,FL,,,850-477-0519,,https://clubfittingdirectory.com/listing/edwin-watts-pensacola-pensacola-fl
41,none,,Edwin Watts - Atlanta,ATLANTA,GA,,,,,https://clubfittingdirectory.com/listing/edwin-watts-atlanta-atlanta-ga
41,none,,Golf Mart - San Rafael,SAN RAFAEL,CA,,,,,https://clubfittingdirectory.com/listing/golf-mart-san-rafael-san-rafael-ca
41,none,,Granbury Golf Etc,GRANBURY,TX,,,,,https://clubfittingdirectory.com/listing/granbury-golf-etc-granbury-tx
41,none,,Golf Galaxy - Austin Aroboretum,AUSTIN,TX,,,,,https://clubfittingdirectory.com/listing/golf-galaxy-austin-aroboretum-austin-tx
41,none,,Golf Mart - Escondido,ESCONDIDO,CA,,,,,https://clubfittingdirectory.com/listing/golf-mart-escondido-escondido-ca
41,none,,GOLFTEC Midtown Atlanta,Atlanta,GA,,,470 298 7091,,https://clubfittingdirectory.com/listing/golftec-midtown-atlanta-atlanta-ga
41,none,,Vans - East Mesa (apache),MESA,AZ,,,,,https://clubfittingdirectory.com/listing/vans-east-mesa-apache-mesa-az
41,none,,Superstition Mountain Golf,GOLD CANYON,AZ,,,,,https://clubfittingdirectory.com/listing/superstition-mountain-golf-gold-canyon-az
41,none,,Golf Guru,MESA,AZ,,,4806603830,,https://clubfittingdirectory.com/listing/golf-guru-mesa-az
41,none,,Club Champion,Orlando,FL,,,,,https://clubfittingdirectory.com/listing/club-champion-orlando-fl
41,none,,True Spec Golf - Palm Desert,Palm Desert,CA,,,,,https://clubfittingdirectory.com/listing/true-spec-golf-palm-desert-palm-desert-ca
41,none,,The Range At Leon Springs,BOERNE,TX,,,,,https://clubfittingdirectory.com/listing/the-range-at-leon-springs-boerne-tx
41,none,,Golf Fore Less,ROME,GA,,,(706) 252-0664,,https://clubfittingdirectory.com/listing/golf-fore-less-rome-ga
41,none,,GolfTEC Ft Myers,FORT MYERS,FL,,,,,https://clubfittingdirectory.com/listing/golftec-ft-myers-fort-myers-fl
41,none,,GolfTEC Sugar Land,Sugar Land,TX,,,,,https://clubfittingdirectory.com/listing/golftec-sugar-land-sugar-land-tx
41,none,,Montclair Golf Ent,Oakland,CA,,,15104820422,,https://clubfittingdirectory.com/listing/montclair-golf-ent-oakland-ca
41,none,,K Pro Golf,LA MIRADA,CA,,,657-243-0233,,https://clubfittingdirectory.com/listing/k-pro-golf-la-mirada-ca
41,none,,PGA Tour Superstore Pbg,PALM BEACH GARDENS,FL,,,,,https://clubfittingdirectory.com/listing/pga-tour-superstore-pbg-palm-beach-gardens-fl
41,none,,PGA Tour Superstore East Palo Alto,EAST PALO ALTO,CA,,,,,https://clubfittingdirectory.com/listing/pga-tour-superstore-east-palo-alto-east-palo-alto-ca
41,none,,Golf Mart - Santa Rosa (rohnert),SANTA ROSA,CA,,,,,https://clubfittingdirectory.com/listing/golf-mart-santa-rosa-rohnert-santa-rosa-ca
41,none,,GolfTEC Houston Heights,HOUSTON,TX,,,,,https://clubfittingdirectory.com/listing/golftec-houston-heights-houston-tx
41,none,,GolfTEC Las Colinas,IRVING,TX,,,,,https://clubfittingdirectory.com/listing/golftec-las-colinas-irving-tx
41,none,,Orange Golf & Sports,Garden Grove,CA,,,,,https://clubfittingdirectory.com/listing/orange-golf-sports-garden-grove-ca
41,free_builder,,Hunt GOLF,Burlington,NC,4.7,,(336) 524-6686,https://sites.google.com/view/huntgolfshop,https://clubfittingdirectory.com/listing/hunt-golf-burlington-nc
41,none,,Golf Mart - Walnut Creek,WALNUT CREEK,CA,,,,,https://clubfittingdirectory.com/listing/golf-mart-walnut-creek-walnut-creek-ca
41,none,,GOLFTEC Cypress,Houston,TX,,,346 666 7005,,https://clubfittingdirectory.com/listing/golftec-cypress-houston-tx
41,none,,Golf Stuff,DUNDEE,FL,,,,,https://clubfittingdirectory.com/listing/golf-stuff-dundee-fl
41,none,,Short Game LLC,CASTROVILLE,TX,,,,,https://clubfittingdirectory.com/listing/short-game-llc-castroville-tx
41,none,,Golf Mart - San Diego,SAN DIEGO,CA,,,,,https://clubfittingdirectory.com/listing/golf-mart-san-diego-san-diego-ca
41,none,,Ancil Hoffman Golf Shop,CARMICHAEL,CA,,,916-482-3813,,https://clubfittingdirectory.com/listing/ancil-hoffman-golf-shop-carmichael-ca
41,none,,True Spec Golf - Tampa Bay,Belleair,FL,,,,,https://clubfittingdirectory.com/listing/true-spec-golf-tampa-bay-belleair-fl
41,none,,Vans Pro Shop-Avondale,AVONDALE,AZ,,,(623)935-9351,,https://clubfittingdirectory.com/listing/vans-pro-shop-avondale-avondale-az
41,none,,Golf Galaxy - San Jose,SAN JOSE,CA,,,,,https://clubfittingdirectory.com/listing/golf-galaxy-san-jose-san-jose-ca
41,none,,Edwin Watts - San Antonio,SAN ANTONIO,TX,,,(210) 822-4060,,https://clubfittingdirectory.com/listing/edwin-watts-san-antonio-san-antonio-tx
41,none,,GolfTEC Pleasanton,PLEASANTON,CA,,,,,https://clubfittingdirectory.com/listing/golftec-pleasanton-pleasanton-ca
41,none,,Golf Mart - Del Mar,DEL MAR,CA,,,,,https://clubfittingdirectory.com/listing/golf-mart-del-mar-del-mar-ca
41,none,,PGA Tour Superstore Orlando,ORLANDO,FL,,,,,https://clubfittingdirectory.com/listing/pga-tour-superstore-orlando-orlando-fl
41,none,,Golf Mart - South San Francisco,SOUTH SAN FRANCISCO,CA,,,650-583-4653,,https://clubfittingdirectory.com/listing/golf-mart-south-san-francisco-south-san-francisco-ca
41,none,,Summit Golf School LLC,Spring,TX,,,281-516-1002,,https://clubfittingdirectory.com/listing/summit-golf-school-llc-spring-tx
41,none,,Edwin Watts - Orlando,ORLANDO,FL,,,,,https://clubfittingdirectory.com/listing/edwin-watts-orlando-orlando-fl
41,none,,Roger Dunn - Seal Beach,SEAL BEACH,CA,,,,,https://clubfittingdirectory.com/listing/roger-dunn-seal-beach-seal-beach-ca
41,none,,Fore Some Sports LLC,BRADENTON,FL,,,19417942345,,https://clubfittingdirectory.com/listing/fore-some-sports-llc-bradenton-fl
41,none,,Reid West Golf Academies,SUN CITY WEST,AZ,,,6236874333,,https://clubfittingdirectory.com/listing/reid-west-golf-academies-sun-city-west-az
41,none,,Cool Clubs,Irvine,CA,,,,,https://clubfittingdirectory.com/listing/cool-clubs-irvine-ca
41,none,,GolfTEC Mission Valley #110,SAN DIEGO,CA,,,,,https://clubfittingdirectory.com/listing/golftec-mission-valley-110-san-diego-ca
41,none,,PGA Tour Superstore N. Scottsdale,PHOENIX,AZ,,,602-777-6380,,https://clubfittingdirectory.com/listing/pga-tour-superstore-n-scottsdale-phoenix-az
41,none,,MK Golf Technologies,SAN ANTONIO,TX,,,,,https://clubfittingdirectory.com/listing/mk-golf-technologies-san-antonio-tx
41,none,,Edwin Watts - St Simons Island,ST SIMONS ISLAND,GA,,,,,https://clubfittingdirectory.com/listing/edwin-watts-st-simons-island-st-simons-island-ga
41,none,,Hornacek's House Of Golf,SCOTTSDALE,AZ,,,,,https://clubfittingdirectory.com/listing/hornacek-s-house-of-golf-scottsdale-az
41,none,,Roger Dunn - North Hollywood,NORTH HOLLYWOOD,CA,,,818-763-3622,,https://clubfittingdirectory.com/listing/roger-dunn-north-hollywood-north-hollywood-ca
41,none,,Club Champion,Brandon,FL,,,,,https://clubfittingdirectory.com/listing/club-champion-brandon-fl
41,none,,GolfTEC Oxnard,OXNARD,CA,,,,,https://clubfittingdirectory.com/listing/golftec-oxnard-oxnard-ca
41,none,,The Golf Ranch,GEORGETOWN,TX,,,512-863-4573,,https://clubfittingdirectory.com/listing/the-golf-ranch-georgetown-tx
41,none,,Golf Galaxy - Sacramento,ROSEVILLE,CA,,,,,https://clubfittingdirectory.com/listing/golf-galaxy-sacramento-roseville-ca
41,none,,GolfTEC Pasedena,PASADENA,CA,,,,,https://clubfittingdirectory.com/listing/golftec-pasedena-pasadena-ca
41,none,,GOLFTEC North Miami Beach,Miami,FL,,,786 891 4779,,https://clubfittingdirectory.com/listing/golftec-north-miami-beach-miami-fl
41,none,,Wood Hollow Range Pro Shop,LONGVIEW,TX,,,903-663-0036,,https://clubfittingdirectory.com/listing/wood-hollow-range-pro-shop-longview-tx
41,none,,Summit Golf School LLC,Spring,TX,,,832-639-8111,,https://clubfittingdirectory.com/listing/summit-golf-school-llc-spring-tx-2
41,none,,GolfTEC,EL PASO,TX,,,915-308-0880,,https://clubfittingdirectory.com/listing/golftec-el-paso-tx
41,none,,PGA Tour Superstore Tampa,TAMPA,FL,,,,,https://clubfittingdirectory.com/listing/pga-tour-superstore-tampa-tampa-fl
41,none,,Club Champion,The Villages,FL,,,,,https://clubfittingdirectory.com/listing/club-champion-the-villages-fl
41,none,,Golf Headquarters,AMARILLO,TX,,,,,https://clubfittingdirectory.com/listing/golf-headquarters-amarillo-tx
41,none,,GolfTEC Woodland Hills,WOODLAND HILLS,CA,,,,,https://clubfittingdirectory.com/listing/golftec-woodland-hills-woodland-hills-ca
41,none,,GolfTEC Irvine,IRVINE,CA,,,,,https://clubfittingdirectory.com/listing/golftec-irvine-irvine-ca
41,none,,Roger Dunn - Indio,INDIO,CA,,,,,https://clubfittingdirectory.com/listing/roger-dunn-indio-indio-ca
41,none,,Vans - Sun City,SUN CITY,AZ,,,,,https://clubfittingdirectory.com/listing/vans-sun-city-sun-city-az
41,none,,GolfTEC Tucson,TUCSON,AZ,,,,,https://clubfittingdirectory.com/listing/golftec-tucson-tucson-az
41,none,,Golf Galaxy - Naples,NAPLES,FL,,,,,https://clubfittingdirectory.com/listing/golf-galaxy-naples-naples-fl
41,none,,Golf Galaxy - Chandler,CHANDLER,AZ,,,,,https://clubfittingdirectory.com/listing/golf-galaxy-chandler-chandler-az
41,none,,Golf Fore Less,Rome,GA,,,706-802-0042,,https://clubfittingdirectory.com/listing/golf-fore-less-rome-ga-2
41,none,,Fairway Golf Shop,San Diego,CA,,,858-268-1702,,https://clubfittingdirectory.com/listing/fairway-golf-shop-san-diego-ca
41,none,,Edwin Watts - Doral,DORAL,FL,,,(305)591-1220,,https://clubfittingdirectory.com/listing/edwin-watts-doral-doral-fl
41,none,,Vans - Gilbert,GILBERT,AZ,,,,,https://clubfittingdirectory.com/listing/vans-gilbert-gilbert-az
41,none,,Nxgen Golf,SARASOTA,FL,,,941.278.1170,,https://clubfittingdirectory.com/listing/nxgen-golf-sarasota-fl
41,none,,GolfTEC Southlake,SOUTHLAKE,TX,,,,,https://clubfittingdirectory.com/listing/golftec-southlake-southlake-tx
41,none,,Club Champion,Houston,TX,,,,,https://clubfittingdirectory.com/listing/club-champion-houston-tx
41,none,,GolfTEC Sarasota,LAKEWOOD RANCH,FL,,,,,https://clubfittingdirectory.com/listing/golftec-sarasota-lakewood-ranch-fl
41,none,,Club Champion,Jacksonville,FL,,,,,https://clubfittingdirectory.com/listing/club-champion-jacksonville-fl
41,none,,PGA Tour Superstore Houston,HOUSTON,TX,,,,,https://clubfittingdirectory.com/listing/pga-tour-superstore-houston-houston-tx
41,none,,Golf Galaxy - Katy,KATY,TX,,,,,https://clubfittingdirectory.com/listing/golf-galaxy-katy-katy-tx
41,none,,Edwin Watts - Destin,DESTIN,FL,,,8506540363,,https://clubfittingdirectory.com/listing/edwin-watts-destin-destin-fl
41,none,,Edwin Watts - Jacksonville,JACKSONVILLE,FL,,,,,https://clubfittingdirectory.com/listing/edwin-watts-jacksonville-jacksonville-fl
41,none,,Roger Dunn Golf Visalia,Visalia,CA,,,5597341385,,https://clubfittingdirectory.com/listing/roger-dunn-golf-visalia-visalia-ca
41,none,,Moon Golf,MELBOURNE,FL,,,,,https://clubfittingdirectory.com/listing/moon-golf-melbourne-fl
41,none,,Desert Princess Golf Shop,Cathedral City,CA,,,760.322.2280,,https://clubfittingdirectory.com/listing/desert-princess-golf-shop-cathedral-city-ca
41,none,,Vans - Tucson (crossroads),TUCSON,AZ,,,,,https://clubfittingdirectory.com/listing/vans-tucson-crossroads-tucson-az
41,none,,Cool Clubs,The Colony,TX,,,,,https://clubfittingdirectory.com/listing/cool-clubs-the-colony-tx
41,none,,Golf Galaxy - Sarasota,SARASOTA,FL,,,,,https://clubfittingdirectory.com/listing/golf-galaxy-sarasota-sarasota-fl
41,none,,Sunday Swing LLC,MORAGA,CA,,,925-257-2264,,https://clubfittingdirectory.com/listing/sunday-swing-llc-moraga-ca
41,none,,Club Champion,Blackhawk,CA,,,,,https://clubfittingdirectory.com/listing/club-champion-blackhawk-ca
41,none,,Roger Dunn - Riverside,RIVERSIDE,CA,,,,,https://clubfittingdirectory.com/listing/roger-dunn-riverside-riverside-ca
41,none,,PGA Tour Superstore Chandler,CHANDLER,AZ,,,,,https://clubfittingdirectory.com/listing/pga-tour-superstore-chandler-chandler-az
41,none,,GolfTEC Fort Worth,FORT WORTH,TX,,,,,https://clubfittingdirectory.com/listing/golftec-fort-worth-fort-worth-tx
41,none,,The Golf Exchange,TORRANCE,CA,,,,,https://clubfittingdirectory.com/listing/the-golf-exchange-torrance-ca
41,none,,Golf Mart - Encinitas,ENCINITAS,CA,,,,,https://clubfittingdirectory.com/listing/golf-mart-encinitas-encinitas-ca
41,none,,PGA Tour Superstore Sarasota,UNIVERSITY PARK,FL,,,,,https://clubfittingdirectory.com/listing/pga-tour-superstore-sarasota-university-park-fl
41,none,,GolfTEC Studio City,STUDIO CITY,CA,,,,,https://clubfittingdirectory.com/listing/golftec-studio-city-studio-city-ca
41,none,,GolfTEC Plano,PLANO,TX,,,,,https://clubfittingdirectory.com/listing/golftec-plano-plano-tx
41,none,,GolfTEC Foster City,FOSTER CITY,CA,,,,,https://clubfittingdirectory.com/listing/golftec-foster-city-foster-city-ca
41,none,,Meadow Club,FAIRFAX,CA,,,,,https://clubfittingdirectory.com/listing/meadow-club-fairfax-ca
41,none,,Golf Mart - Carlsbad,CARLSBAD,CA,,,,,https://clubfittingdirectory.com/listing/golf-mart-carlsbad-carlsbad-ca
41,none,,Gary Player Golf - The Refinery,THE WOODLANDS,TX,,,,,https://clubfittingdirectory.com/listing/gary-player-golf-the-refinery-the-woodlands-tx
41,none,,Golf Galaxy - Atlanta,ATLANTA,GA,,,,,https://clubfittingdirectory.com/listing/golf-galaxy-atlanta-atlanta-ga
41,none,,Club Champion,Bradenton,FL,,,,,https://clubfittingdirectory.com/listing/club-champion-bradenton-fl
41,none,,Cool Clubs,SCOTTSDALE,AZ,,,,,https://clubfittingdirectory.com/listing/cool-clubs-scottsdale-az
41,none,,True Spec Golf - North Georgia,Cartersville,GA,,,,,https://clubfittingdirectory.com/listing/true-spec-golf-north-georgia-cartersville-ga
41,none,,Club Champion,Buford,GA,,,,,https://clubfittingdirectory.com/listing/club-champion-buford-ga
41,none,,True Spec Golf - Dallas-Fort Worth,Irving,TX,,,,,https://clubfittingdirectory.com/listing/true-spec-golf-dallas-fort-worth-irving-tx
41,none,,True Spec Golf - Ponte Vedra,Jacksonville,FL,,,,,https://clubfittingdirectory.com/listing/true-spec-golf-ponte-vedra-jacksonville-fl
41,none,,Roger Dunn - Mission Viejo,MISSION VIEJO,CA,,,,,https://clubfittingdirectory.com/listing/roger-dunn-mission-viejo-mission-viejo-ca
41,none,,Club Champion,Miami,FL,,,,,https://clubfittingdirectory.com/listing/club-champion-miami-fl
41,none,,The Caddie Golf Shop LLC,Bryan,TX,,,979-776-4653,,https://clubfittingdirectory.com/listing/the-caddie-golf-shop-llc-bryan-tx
41,none,,Club Champion,San Jose,CA,,,,,https://clubfittingdirectory.com/listing/club-champion-san-jose-ca
41,none,,2nd Swing PGA Coaching Center,Frisco,TX,,,469-701-1775,,https://clubfittingdirectory.com/listing/2nd-swing-pga-coaching-center-frisco-tx
41,none,,The Rim Club,PAYSON,AZ,,,,,https://clubfittingdirectory.com/listing/the-rim-club-payson-az
41,none,,PGA Tour Superstore Altamonte Sprin,ALTAMONTE SPRINGS,FL,,,,,https://clubfittingdirectory.com/listing/pga-tour-superstore-altamonte-sprin-altamonte-springs-fl
41,none,,Golf Galaxy - The Woodlands,SPRING,TX,,,,,https://clubfittingdirectory.com/listing/golf-galaxy-the-woodlands-spring-tx
41,none,,Club Champion,Delray Beach,FL,,,,,https://clubfittingdirectory.com/listing/club-champion-delray-beach-fl
41,none,,Golf Mart - Dublin,DUBLIN,CA,,,,,https://clubfittingdirectory.com/listing/golf-mart-dublin-dublin-ca
41,none,,Golf Galaxy - Glendale,PEORIA,AZ,,,,,https://clubfittingdirectory.com/listing/golf-galaxy-glendale-peoria-az
41,none,,GOLFTEC Boca Raton,Boca Raton,FL,,,561 483 4180,,https://clubfittingdirectory.com/listing/golftec-boca-raton-boca-raton-fl
41,none,,Club Champion,San Carlos,CA,,,,,https://clubfittingdirectory.com/listing/club-champion-san-carlos-ca
41,none,,Stripe Show Club Fitters,LUBBOCK,TX,,,8062528347,,https://clubfittingdirectory.com/listing/stripe-show-club-fitters-lubbock-tx
41,none,,Edwin Watts - Martinez,Augusta,GA,,,,,https://clubfittingdirectory.com/listing/edwin-watts-martinez-augusta-ga
41,none,,PGA Tour Superstore Jacksonville,JACKSONVILLE,FL,,,,,https://clubfittingdirectory.com/listing/pga-tour-superstore-jacksonville-jacksonville-fl
41,none,,Edwin Watts - Villages,THE VILLAGES,FL,,,,,https://clubfittingdirectory.com/listing/edwin-watts-villages-the-villages-fl
41,none,,Edwin Watts - Palm Harbor,PALM HARBOR,FL,,,,,https://clubfittingdirectory.com/listing/edwin-watts-palm-harbor-palm-harbor-fl
41,none,,Meadowbrook Farms Lp,KATY,TX,,,281-693-4653,,https://clubfittingdirectory.com/listing/meadowbrook-farms-lp-katy-tx
41,none,,Golf Galaxy - Dallas-Arlington,ARLINGTON,TX,,,,,https://clubfittingdirectory.com/listing/golf-galaxy-dallas-arlington-arlington-tx
41,none,,2nd Swing Scottsdale South,SCOTTSDALE,AZ,,,,,https://clubfittingdirectory.com/listing/2nd-swing-scottsdale-south-scottsdale-az
41,none,,GolfTEC St Petersburg,ST PETERSBURG,FL,,,,,https://clubfittingdirectory.com/listing/golftec-st-petersburg-st-petersburg-fl
41,none,,Cool Clubs,Cartersville,GA,,,,,https://clubfittingdirectory.com/listing/cool-clubs-cartersville-ga
41,none,,Golf Galaxy - Baybrook,FRIENDSWOOD,TX,,,,,https://clubfittingdirectory.com/listing/golf-galaxy-baybrook-friendswood-tx
41,none,,Stanford University,Stanford,CA,,,6507240944,,https://clubfittingdirectory.com/listing/stanford-university-stanford-ca
41,none,,Golf Galaxy - Galleria,HOUSTON,TX,,,,,https://clubfittingdirectory.com/listing/golf-galaxy-galleria-houston-tx
