date,engine,prompt,sample,cited,listings,competitors
2026-07-30,duckduckgo,club fitting directory,1,no,-,-
2026-07-30,duckduckgo,golf club fitting near me,1,no,-,-
2026-07-30,duckduckgo,independent golf club fitter,1,no,-,-
2026-07-30,duckduckgo,where to get fitted for golf clubs,1,no,-,-
2026-07-30,duckduckgo,golf club fitting cost,1,no,-,-
2026-07-30,duckduckgo,best golf club fitters in the us,1,no,-,-
2026-07-30,duckduckgo,golf club fitting austin,1,no,-,-
2026-07-30,duckduckgo,golf club fitting charlotte nc,1,no,-,-
2026-07-30,duckduckgo,where can I get fitted for irons near austin,1,no,-,-
2026-07-30,duckduckgo,where can I get fitted for irons near charlotte,1,no,-,-
2026-07-30,duckduckgo,where can I get fitted for irons near phoenix,1,no,-,-
2026-07-30,duckduckgo,where can I get fitted for irons near columbus,1,no,-,-
2026-07-30,duckduckgo,where can I get fitted for irons near denver,1,no,-,-
2026-07-30,duckduckgo,best independent club fitter in austin,1,no,-,-
2026-07-30,duckduckgo,best independent club fitter in charlotte,1,no,-,-
2026-07-30,duckduckgo,best independent club fitter in phoenix,1,no,-,-
2026-07-30,duckduckgo,best independent club fitter in columbus,1,no,-,-
2026-07-30,duckduckgo,best independent club fitter in denver,1,no,-,-
2026-07-30,duckduckgo,club champion vs independent fitter,1,no,-,-
