Top pages,Clicks,Impressions,CTR,Position
https://clubfittingdirectory.com/,9,14,64.29%,5.86
https://clubfittingdirectory.com/listing/golf-apparel-shop-lutz-fl,2,3,66.67%,16.33
https://clubfittingdirectory.com/listing/the-golf-stable-prairie-village-ks,1,9,11.11%,8.67
https://clubfittingdirectory.com/city/royal-oak-mi,1,3,33.33%,7.67
https://clubfittingdirectory.com/city/peoria-il,0,28,0%,15.86
https://clubfittingdirectory.com/state/mn,0,21,0%,11.95
https://clubfittingdirectory.com/state/tn,0,21,0%,12.05
https://clubfittingdirectory.com/state/ri,0,17,0%,10.82
https://clubfittingdirectory.com/listing/golf-performance-studio-chris-dawkins-redwood-city-ca,0,12,0%,6.92
https://clubfittingdirectory.com/listing/wide-world-of-golf-boise-id,0,10,0%,19.5
https://clubfittingdirectory.com/about,0,9,0%,13.67
https://clubfittingdirectory.com/listing/jeremy-head-golf-shop-academy-murfreesboro-tn,0,8,0%,8.75
https://clubfittingdirectory.com/listing/franklin-bridge-performance-institute-franklin-tn,0,6,0%,8
https://clubfittingdirectory.com/listing/elite-fit-golf-decatur-ga,0,6,0%,9.33
https://clubfittingdirectory.com/listing/golf-world-little-rock-ar,0,6,0%,11
https://clubfittingdirectory.com/city/salt-lake-city-ut,0,6,0%,22.83
https://clubfittingdirectory.com/city/jonesboro-ar,0,5,0%,6.8
https://clubfittingdirectory.com/state/de,0,5,0%,8.8
https://clubfittingdirectory.com/city/phoenix-az,0,5,0%,38.6
https://clubfittingdirectory.com/listing/the-caddy-shack-halifax-ma,0,4,0%,7
https://clubfittingdirectory.com/city/charlottesville-va,0,4,0%,9.25
https://clubfittingdirectory.com/city/bristol-tn,0,4,0%,24
https://clubfittingdirectory.com/city/scottsdale-az,0,4,0%,50
https://clubfittingdirectory.com/listing/bushwood-golf-shack-auburndale-fl,0,3,0%,8.67
https://clubfittingdirectory.com/listing/golf-shop-mooresville-nc,0,3,0%,14.67
https://clubfittingdirectory.com/city/bonita-springs-fl,0,3,0%,21.33
https://clubfittingdirectory.com/city/smyrna-ga,0,3,0%,22
https://clubfittingdirectory.com/listing/tour-proven-golf-colleyville-tx,0,3,0%,60
https://clubfittingdirectory.com/listing/golf-garage-phoenix-or,0,2,0%,6.5
https://clubfittingdirectory.com/listing/the-golf-guys-bonita-springs-fl,0,2,0%,7.5
https://clubfittingdirectory.com/city/murfreesboro-tn,0,2,0%,8.5
https://clubfittingdirectory.com/listing/ace-of-clubs-saugus-ma,0,2,0%,9
https://clubfittingdirectory.com/listing/brian-king-performance-golf-west-chicago-il,0,2,0%,9
https://clubfittingdirectory.com/listing/studio-golf-wilton-ct,0,2,0%,9.5
https://clubfittingdirectory.com/city/cranston-ri,0,2,0%,10.5
https://clubfittingdirectory.com/city/loveland-co,0,2,0%,10.5
https://clubfittingdirectory.com/listing/shadetree-golf-pickleball-mesa-az,0,2,0%,12
https://clubfittingdirectory.com/city/houston-tx,0,2,0%,12.5
https://clubfittingdirectory.com/city/st-louis-mo,0,2,0%,16
https://clubfittingdirectory.com/city/omaha-ne,0,2,0%,18.5
https://clubfittingdirectory.com/city/minot-nd,0,1,0%,8
https://clubfittingdirectory.com/listing/duckhook-customs-milwaukee-wi,0,1,0%,8
https://clubfittingdirectory.com/listing/strictly-golf-oklahoma-city-ok,0,1,0%,8
https://clubfittingdirectory.com/city/savannah-ga,0,1,0%,9
https://clubfittingdirectory.com/listing/bubba-golf-statesboro-ga,0,1,0%,9
https://clubfittingdirectory.com/listing/siouxland-golf-lessons-sioux-city-ia,0,1,0%,10
https://clubfittingdirectory.com/city/boise-id,0,1,0%,11
https://clubfittingdirectory.com/city/gaylord-mi,0,1,0%,11
https://clubfittingdirectory.com/city/oak-creek-wi,0,1,0%,11
https://clubfittingdirectory.com/city/redwood-city-ca,0,1,0%,11
https://clubfittingdirectory.com/city/charlotte-nc,0,1,0%,12
https://clubfittingdirectory.com/city/little-rock-ar,0,1,0%,15
https://clubfittingdirectory.com/listing/pxg-paramus-paramus-nj,0,1,0%,30
https://clubfittingdirectory.com/city/mesa-az,0,1,0%,44