Top queries,Clicks,Impressions,CTR,Position
abbos clubworks,0,6,0%,9
franklin bridge performance institute,0,5,0%,8
golf repair shop,0,5,0%,12
golf performance studio,0,4,0%,5.75
golf club fitting directory,0,4,0%,21.5
chris dawkins golf,0,3,0%,7.33
wide world of golf boise,0,3,0%,7.67
jeremy head golf,0,3,0%,8.67
jeremy head golf shop,0,3,0%,8.67
elite golf fitting,0,3,0%,10.33
the golf stable,0,3,0%,10.33
golf club fitting,0,3,0%,16.67
custom golf club fitting,0,3,0%,26.33
golf club fitting near me,0,3,0%,33
ace of clubs saugus,0,2,0%,9
bushwood golf shack,0,2,0%,9
fitters,0,2,0%,10.5
golf world,0,2,0%,11
shade tree golf,0,2,0%,12
club fitting near me,0,2,0%,14.5
golf club repair near me,0,2,0%,15.5
the golf shop mooresville,0,2,0%,17.5
golf store in smyrna,0,2,0%,19
golf fitting,0,2,0%,24.5
club fitting phoenix,0,2,0%,60
putting green colleyville tx,0,2,0%,82
golf sim near me,0,1,0%,1
golf guys bonita,0,1,0%,5
golf garage,0,1,0%,6
club fitting,0,1,0%,8
duckhook customs,0,1,0%,8
golf stable,0,1,0%,8
golf world boise,0,1,0%,8
strictly golf okc,0,1,0%,8
custom club fitting near me,0,1,0%,9
wide world of golf boise idaho,0,1,0%,9
brian king performance golf,0,1,0%,10
golf club repair peoria il,0,1,0%,10
golf guys bonita springs,0,1,0%,10
siouxland golf lessons,0,1,0%,10
golf fittings near me,0,1,0%,11
ping fitters near me,0,1,0%,11
golf club customization peoria,0,1,0%,12
golf club fitters,0,1,0%,12
golf club repair omaha,0,1,0%,18
club fitters near me,0,1,0%,19
golf club fitting minneapolis mn,0,1,0%,20
golfers warehouse ri,0,1,0%,23
golf club fitting st louis,0,1,0%,24
golf stores peoria il,0,1,0%,27
illini golf peoria,0,1,0%,27
golf club custom fitting,0,1,0%,28
wide world of golf,0,1,0%,29
golf shops salt lake city,0,1,0%,30
custome club fittings,0,1,0%,34
golf club fitting scottsdale,0,1,0%,38
golf club fitting utah,0,1,0%,39
club fitting scottsdale,0,1,0%,40
golf club fitting phoenix az,0,1,0%,44
golf stores mesa az,0,1,0%,44
golf store bristol,0,1,0%,46
golf club fitting phoenix,0,1,0%,48
best club fitters near me,0,1,0%,68
free golf club fitting near me,0,1,0%,99