category,name,address,city,state_code,zip,phone,website,sources,verdict,reason,approved
big_box,CHANDLER SCHEELS,3199 West Chandler Boulevard,Chandler,AZ,85226,4806766855,,ping,new,,yes
big_box,DICK'S SPORTING GOODS-GILBERT,2269 S SAN TAN VILLAGE PKWY,GILBERT,AZ,85295-0720,,,ping,new,,yes
big_box,DICK'S SPORTING GOODS-GLENDALE,7680 W ARROWHEAD TOWNE CTR,GLENDALE,AZ,85308-8610,,,ping,new,,yes
big_box,DICK'S SPORTING GOODS-DEER VALLEY,2350 W HAPPY VALLEY RD,PHOENIX,AZ,85085-8502,,,ping,new,,yes
big_box,DICK'S SPORTING GOODS-SCOTTSDALE (FASHION SQUARE),7014 E CAMELBACK RD STE 3,SCOTTSDALE,AZ,85251-1227,,,ping,new,,yes
big_box,DICK'S SPORTING GOODS-TEMPE,8550 S EMERALD DR,TEMPE,AZ,85284-1032,,,ping,new,,yes
big_box,DICK'S SPORTING GOODS-TUCSON,6327 E BROADWAY BLVD,TUCSON,AZ,85710-3502,,,ping,new,,yes
big_box,DICK'S SPORTING GOODS-BAKERSFIELD,9300 ROSEDALE HWY,BAKERSFIELD,CA,93312-2162,,,ping,new,,yes
big_box,DICK'S SPORTING GOODS-CERRITOS,435 LOS CERRITOS MALL,CERRITOS,CA,90703-5426,,,ping,new,,yes
big_box,DICK'S SPORTING GOODS-CHINO,4044 GRAND AVE,CHINO,CA,91710-5437,,,ping,new,,yes
big_box,DICK'S SPORTING GOODS-CHULA VISTA,390 E H ST,CHULA VISTA,CA,91910-7483,,,ping,new,,yes
big_box,DICK'S SPORTING GOODS-DALY CITY,64 SERRAMONTE CTR,DALY CITY,CA,94015-2345,,,ping,new,,yes
big_box,DICK'S SPORTING GOODS-EASTVALE,12399 LIMONITE AVE,EASTVALE,CA,91752-3671,,,ping,new,,yes
big_box,DICK'S SPORTING GOODS-EL CAJON,565 FLETCHER PKY,EL CAJON,CA,92020,,,ping,new,,yes
big_box,DICK'S SPORTING GOODS-EL SEGUNDO,770 PACIFIC COAST HWY,EL SEGUNDO,CA,90245,,,ping,new,,yes
big_box,DICK'S SPORTING GOODS-ENCINITAS,1050 N EL CAMINO REAL,ENCINITAS,CA,92024-1320,,,ping,new,,yes
big_box,DICK'S SPORTING GOODS-FRESNO,7572 N BLACKSTONE AVE,FRESNO,CA,93720-4302,,,ping,new,,yes
big_box,DICK'S SPORTING GOODS-GLENDALE GALLERIA,200 W BROADWAY,GLENDALE,CA,91210-1204,,,ping,new,,yes
big_box,DICK'S SPORTING GOODS-LODI,2770 REYNOLDS RANCH PKWY,LODI,CA,95240-6853,,,ping,new,,yes
big_box,DICK'S SPORTING GOODS-MODESTO,3401 DALE RD,MODESTO,CA,95356-0594,,,ping,new,,yes
big_box,DICK'S SPORTING GOODS-MISSION VIEJO,1000 Shops At Mission Viejo,Mission Viejo,CA,92691,,,ping,new,,yes
big_box,DICK'S SPORTING GOODS-OCEANSIDE,2160 VISTA WAY,OCEANSIDE,CA,92054-5600,,,ping,new,,yes
big_box,DICK'S SPORTING GOODS-PALMDALE,1301 W RANCHO VISTA BLVD,PALMDALE,CA,93551-3113,,,ping,new,,yes
big_box,DICK'S SPORTING GOODS-PETALUMA,401 KENILWORTH DR,PETALUMA,CA,94952-3413,,,ping,new,,yes
big_box,DICK'S SPORTING GOODS-CARMEL MOUNTAIN,11690 CARMEL MOUNTAIN RD,SAN DIEGO,CA,92128-4621,,,ping,new,,yes
big_box,DICK'S SPORTING GOODS-SANTA ROSA,1975 CLEVELAND AVE,SANTA ROSA,CA,95401-4282,,,ping,new,,yes
big_box,DICK'S SPORTING GOODS-TORRANCE,21800 HAWTHORNE BLVD,TORRANCE,CA,90503-7004,,,ping,new,,yes
big_box,DICK'S SPORTING GOODS-VICTORVILLE,14500 BEAR VALLEY RD,VICTORVILLE,CA,92392-5482,,,ping,new,,yes
big_box,DICK'S SPORTING GOODS-VISALIA,3637 S MOONEY BLVD,VISALIA,CA,93277-8067,,,ping,new,,yes
big_box,DICK'S SPORTING GOODS-YORBA LINDA,23081 SAVI RANCH PKWY,YORBA LINDA,CA,92887-4669,,,ping,new,,yes
big_box,DICK'S SPORTING GOODS-BOYNTON BEACH,515 N CONGRESS AVE,BOYNTON BEACH,FL,33426-3446,,,ping,new,,yes
big_box,DICK'S SPORTING GOODS-BRANDON,901 BRANDON TOWN CENTER MALL,BRANDON,FL,33511-4943,,,ping,new,,yes
big_box,DICK'S SPORTING GOODS-SPRING HILL,12936 CORTEZ BLVD,BROOKSVILLE,FL,34613-6803,,,ping,new,,yes
big_box,DICK'S SPORTING GOODS-CLERMONT,1325 SANDY GROVE AVE,CLERMONT,FL,34711,,,ping,new,,yes
big_box,DICK'S SPORTING GOODS-SW ORLANDO,1300 POSNER BLVD,DAVENPORT,FL,33837-3611,,,ping,new,,yes
big_box,DICK'S SPORTING GOODS-DAYTONA BEACH,2500 W INTERNATIONAL SPEEDWAY BLVD,DAYTONA BEACH,FL,32114-8154,,,ping,new,,yes
big_box,DICK'S SPORTING GOODS-N FORT MYERS,4977 S CLEVELAND AVE,FORT MYERS,FL,33907-1399,,,ping,new,,yes
big_box,DICK'S SPORTING GOODS-GAINESVILLE,3964 PLAZA BLVD,GAINESVILLE,FL,32608-0073,,,ping,new,,yes
big_box,DICK'S SPORTING GOODS-JACKSONVILLE,14964 MAX LEGGETT PKWY,JACKSONVILLE,FL,32246-7409,,,ping,new,,yes
big_box,DICK'S SPORTING GOODS-JENSEN BEACH,3101 NW FEDERAL HWY,JENSEN BEACH,FL,34957-4458,,,ping,new,,yes
big_box,DICK'S SPORTING GOODS-MELBOURNE,1700 W NEW HAVEN AVE,MELBOURNE,FL,32904-3983,,,ping,new,,yes
big_box,DICK'S SPORTING GOODS-OCALA,4414 SW COLLEGE RD,OCALA,FL,34474-4790,,,ping,new,,yes
big_box,DICK'S SPORTING GOODS-PANAMA CITY BEACH,15700 PANAMA CITY BEACH PKWY,PANAMA CITY BEACH,FL,32413-5432,,,ping,new,,yes
big_box,DICK'S SPORTING GOODS-PENSACOLA,5100 N 9TH AVE,PENSACOLA,FL,32504-8735,,,ping,new,,yes
big_box,DICK'S SPORTING GOODS-SANFORD,350 TOWNE CENTER CIR,SANFORD,FL,32771-7410,,,ping,new,,yes
big_box,DICK'S SPORTING GOODS-TALLAHASSEE,1729 APALACHEE PKWY,TALLAHASSEE,FL,32301-3009,,,ping,new,,yes
big_box,DICK'S SPORTING GOODS-TAMPA WESTSHORE PLAZA,258 WESTSHORE PLZ,TAMPA,FL,33609-1811,,,ping,new,,yes
big_box,DICK'S SPORTING GOODS-WELLINGTON,8821 SOUTHERN BLVD,WELLINGTON,FL,33411-3721,,,ping,new,,yes
big_box,DICK'S SPORTING GOODS-NE TAMPA,5925 WESLEY GROVE BLVD,WESLEY CHAPEL,FL,33544-8411,,,ping,new,,yes
big_box,DICK'S SPORTING GOODS-AUGUSTA MALL,3450 WRIGHTSBORO RD,AUGUSTA,GA,30909-0509,,,ping,new,,yes
big_box,DICK'S SPORTING GOODS-BUFORD,3333 BUFORD DR,BUFORD,GA,30519-4950,,,ping,new,,yes
big_box,DICK'S SPORTING GOODS-COLUMBUS PARK,5550 WHITTLESEY BLVD,COLUMBUS,GA,31909-2177,,,ping,new,,yes
big_box,DICK'S SPORTING GOODS-NORTH MACON,5080 RIVERSIDE DR,MACON,GA,31210-1183,,,ping,new,,yes
big_box,DICK'S SPORTING GOODS-MCDONOUGH,1855 JONESBORO RD,MCDONOUGH,GA,30253-5914,,,ping,new,,yes
big_box,DICK'S SPORTING GOODS-NEWNAN,382 NEWNAN CROSSING BYP,NEWNAN,GA,30265-1082,,,ping,new,,yes
big_box,DICK'S SPORTING GOODS-AUSTIN BEE CAVE,3921 MARKET ST,AUSTIN,TX,78738-6338,,,ping,new,,yes
big_box,DICK'S SPORTING GOODS-BEAUMONT,6155 EASTEX FWY STE M-920,BEAUMONT,TX,77706-6718,,,ping,new,,yes
big_box,DICK'S SPORTING GOODS-CEDAR PARK,5001 183A TOLL RD,CEDAR PARK,TX,78613-7940,,,ping,new,,yes
big_box,DICK'S SPORTING GOODS-CORPUS CHRISTIE,4938 S STAPLES ST,CORPUS CHRISTI,TX,78411-3824,,,ping,new,,yes
big_box,DICK'S SPORTING GOODS-EL PASO,8889 GATEWAY BLVD W,EL PASO,TX,79925-6540,,,ping,new,,yes
big_box,DICK'S SPORTING GOODS-WEST EL PASO,801 SUNLAND PARK DR,EL PASO,TX,79912-5209,,,ping,new,,yes
big_box,DICK'S SPORTING GOODS-HARKER HEIGHTS,201 E CENTRAL EXPY,HARKER HEIGHTS,TX,76548,,,ping,new,,yes
big_box,DICK'S SPORTING GOODS-HOUSTON,16343 FM 529 RD,HOUSTON,TX,77095-1417,,,ping,new,,yes
big_box,DICK'S SPORTING GOODS-LEWISVILLE,723 HEBRON PKWY,LEWISVILLE,TX,75057-5001,,,ping,new,,yes
big_box,DICK'S SPORTING GOODS-MCALLEN,716 E EXPRESSWAY 83,MCALLEN,TX,78503-1609,,,ping,new,,yes
big_box,DICK'S SPORTING GOODS-MIDLAND,4511 N MIDKIFF RD STE 0P,MIDLAND,TX,79705-3256,,,ping,new,,yes
big_box,DICK'S SPORTING GOODS-NEW BRAUNFELS,303 CREEKSIDE WAY,NEW BRAUNFELS,TX,78130-6394,,,ping,new,,yes
big_box,DICK'S SPORTING GOODS-PROSPER,700 RICHLAND BLVD,PROSPER,TX,75078-7267,,,ping,new,,yes
big_box,DICK'S SPORTING GOODS-SAN ANTONIO (THE RIM),18103 RIM DR,SAN ANTONIO,TX,78257-9542,,,ping,new,,yes
big_box,DICK'S SPORTING GOODS-SUGAR LAND,16535 SOUTHWEST FWY,SUGAR LAND,TX,77479-2326,,,ping,new,,yes
big_box,COLONY TEXAS SCHEELS,4450 DESTINATION DR,THE COLONY,TX,75056-6766,,,ping,new,,yes
course_pro_shop,TEEBOX INDOOR GOLF CLUB,7100 E CAVE CREEK RD STE 145,CAVE CREEK,AZ,85331-4305,480-399-5600,,ping,new,,yes
course_pro_shop,WHIRLWIND GOLF CLUB,5692 W NORTH LOOP RD,CHANDLER,AZ,85226-5268,5207968452,,ping,new,,yes
course_pro_shop,PRESCOTT GOLF & COUNTRY CLUB INC,1030 N PRESCOTT COUNTRY CLUB BLVD,DEWEY,AZ,86327-5801,,,ping,new,,yes
course_pro_shop,FOREST HIGHLANDS GOLF CLUB,2701 LEN HUCK,FLAGSTAFF,AZ,86005-4217,,,ping,new,,yes
course_pro_shop,CONTINENTAL COUNTRY CLUB,2380 North Oakmont Drive,Flagstaff,AZ,86004-7427,,,ping,new,,yes
course_pro_shop,CERBAT CLIFFS GOLF COURSE,1001 GATES AVE,KINGMAN,AZ,86401-3954,,,ping,new,,yes
course_pro_shop,IRON WOLF GOLF & COUNTRY CLUB,3275 N LATROBE DR,LAKE HAVASU CITY,AZ,86404-5947, (928) 764-1404 #2,,ping,new,,yes
course_pro_shop,PARADISE VALLEY COUNTRY CLUB INC,7101 N TATUM BLVD,PARADISE VALLEY,AZ,85253-3309,,,ping,new,,yes
course_pro_shop,MOON VALLEY COUNTRY CLUB,151 W MOON VALLEY DR,PHOENIX,AZ,85023-6264,602.942.000 ext.4544,,ping,new,,yes
course_pro_shop,PHOENIX COUNTRY CLUB PRO SHOP,2901 N 7TH ST,PHOENIX,AZ,85014-5402,2488726224,,ping,new,,yes
course_pro_shop,THE LEGACY GOLF CLUB,6808 S 32ND ST,PHOENIX,AZ,85042,847-971-0489,,ping,new,,yes
course_pro_shop,ANTELOPE HILLS GOLF COURSE,1 PERKINS DR,PRESCOTT,AZ,86301-8458,9287771881,,ping,new,,yes
course_pro_shop,PRESCOTT LAKES GOLF CLUB PRO SHOP,315 E SMOKE TREE LN,PRESCOTT,AZ,86301-4419,,,ping,new,,yes
course_pro_shop,PAPAGO GOLF COURSE,5595 East Karsten Way,Phoenix,AZ,85008,(602) 275-8428,,ping,new,,yes
course_pro_shop,KIERLAND GOLF CLUB,15636 North Clubgate Drive,Scottsdale,AZ,85254-2012,480-922-9283,,ping,new,,yes
course_pro_shop,GRANITE FALLS GOLF COURSE,15949 West Clearview Boulevard,Surprise,AZ,85374-4571,623 546-7580,,ping,new,,yes
course_pro_shop,LAS BARRANCAS GOLF COURSE,14476 East 48th Street,Yuma,AZ,85367,19285804706,,ping,new,,yes
course_pro_shop,BAYWOOD GOLF AND CC,3600 BUTTERMILK LN,ARCATA,CA,95521-6950,7078223688,,ping,new,,yes
course_pro_shop,BLYTHE GOLF COURSE PRO SHOP,3480 QUAIL RUN RD,BLYTHE,CA,92225-9584,,,ping,new,,yes
course_pro_shop,DEL RIO COUNTRY CLUB,102 E DEL RIO RD,BRAWLEY,CA,92227,760-344-0085,,ping,new,,yes
course_pro_shop,CANYON LAKE COUNTRY CLUB,32001 RAILROAD CANYON RD,CANYON LAKE,CA,92587-9213,951-246-1782,,ping,new,,yes
course_pro_shop,Diablo Creek Golf Course,4050 Port Chicago Highway,Concord,CA,94520-1121,9256866287,,ping,new,,yes
course_pro_shop,LAKE MERCED GOLF CLUB,2300 JUNIPERO SERRA BLVD,DALY CITY,CA,94015-1630,6507552233,,ping,new,,yes
course_pro_shop,DIABLO COUNTRY CLUB,1700 CLUB HOUSE RD,DIABLO,CA,94528,9258374221,,ping,new,,yes
course_pro_shop,BERKELEY COUNTRY CLUB,7901 CUTTING BLVD,EL CERRITO,CA,94530-1877,5108067003,,ping,new,,yes
course_pro_shop,EMERALD LAKES GOLF COURSE PRO SHOP,10651 East Stockton Boulevard,Elk Grove,CA,95624-9705,9169262660,,ping,new,,yes
course_pro_shop,GOOSE CREEK GOLF CLUB,11418 68TH ST,JURUPA VALLEY,CA,91752-2701,951 333 6016,,ping,new,,yes
course_pro_shop,David's Stone Golf Club - Fitting & Lessons,2850 W Pico Blvd,Los Angeles,CA,90006,+1213-369-3344,,openseo,new,,yes
course_pro_shop,Golf Performance Institute at Dragonfly Golf Club,43369 AVENUE 12,MADERA,CA,93636,(559)871-8563,,ping,new,,yes
course_pro_shop,MONTEREY PARK GOLF CLUB,3600 W RAMONA BLVD,MONTEREY PARK,CA,91754,,,ping,new,,yes
course_pro_shop,MARIN COUNTRY CLUB INC,500 COUNTRY CLUB DR,NOVATO,CA,94949-5813,,,ping,new,,yes
course_pro_shop,METROPOLITAN GOLF LINKS PRO SHOP,10051 Doolittle Drive,Oakland,CA,94603-1029,510-569-5555 xt.1,,ping,new,,yes
course_pro_shop,CASTLEWOOD COUNTRY CLUB,707 COUNTRY CLUB CIR,PLEASANTON,CA,94566-9743,9254852250,,ping,new,,yes
course_pro_shop,GOLD HILLS GOLF CLUB PRO SHOP,1950 GOLD HILLS DR,REDDING,CA,96003-7061,5302467867,,ping,new,,yes
course_pro_shop,TIERRA OAKS GOLF CLUB,19700 La Crescenta Drive,Redding,CA,96003-7474,5305158024,,ping,new,,yes
course_pro_shop,ALMADEN GOLF AND COUNTRY CLUB,6663 HAMPTON DR,SAN JOSE,CA,95120-5536,,,ping,new,,yes
course_pro_shop,CINNABAR HILLS GOLF CLUB,23600 MCKEAN RD,SAN JOSE,CA,95141-1001,4083237829,,ping,new,,yes
course_pro_shop,LOS LAGOS GOLF COURSE PRO SHOP,2995 TUERS RD,SAN JOSE,CA,95121-2376,,,ping,new,,yes
course_pro_shop,SANTA TERESA GOLF CLUB,260 BERNAL RD,SAN JOSE,CA,95119-1809,(408) 225-2650,,ping,new,,yes
course_pro_shop,HAGGIN OAKS GOLF CLUB,3645 Fulton Avenue,Sacramento,CA,95821-1808,,,ping,new,,yes
course_pro_shop,SAN JOSE MUNICIPAL GOLF LLC,1560 Oakland Road,San Jose,CA,95131-2430,4084414653,,ping,new,,yes
course_pro_shop,Pruneridge Golf Club,400 Saratoga Ave,Santa Clara,CA,95050-7004,+1408-248-4424,http://www.pruneridgegolfclub.com/,"openseo,ping",new,,yes
course_pro_shop,TULARE GOLF COURSE LLC,5300 South Laspina Street,Tulare,CA,93274-9539,559-686-5300,,ping,new,,yes
course_pro_shop,CANDLEWOOD COUNTRY CLUB INC,14000 TELEGRAPH RD,WHITTIER,CA,90604-2537,,,ping,new,,yes
course_pro_shop,CELEBRATION GOLF CLUB,701 GOLFPARK DR,CELEBRATION,FL,34747-4627,4075664653,,ping,new,,yes
course_pro_shop,CHI CHI RODRIGUEZ GOLF COURSE,2987 McMullen Booth Road,Clearwater,FL,33761-3330,,,ping,new,,yes
course_pro_shop,NATIONAL GOLF,36066 Emerald Coast Parkway West,Destin,FL,32541,8504602442,,ping,new,,yes
course_pro_shop,ST JOHNS COUNTY GOLF COURSE,4900 CYPRESS LINKS BLVD,ELKTON,FL,32033-2064,9042090350,,ping,new,,yes
course_pro_shop,PELICAN MARSH GOLF CLUB INC,1810 PERSIMMON DR,NAPLES,FL,34109-0308,2395971858,,ping,new,,yes
course_pro_shop,EAGLE CREEK GOLF CLUB LLC,10350 EMERSON LAKE BLVD,ORLANDO,FL,32832-6108,3212173634,,ping,new,,yes
course_pro_shop,LAKE NONA GOLF CLUB,9100 CHILTERN DR,ORLANDO,FL,32827-7029,,,ping,new,,yes
course_pro_shop,ST PETERSBURG COUNTRY CLUB,2001 COUNTRY CLUB WAY S,SAINT PETERSBURG,FL,33712-4108,,,ping,new,,yes
course_pro_shop,SHALIMAR POINTE GOLF CLUB,302 COUNTRY CLUB RD,SHALIMAR,FL,32579-1674,8506511416,,ping,new,,yes
course_pro_shop,PALMA CEIA GOLF & COUNTRY CLUB INC,1601 S MACDILL AVE,TAMPA,FL,33629-5215,,,ping,new,,yes
course_pro_shop,AUGUSTA NATIONAL GOLF CLUB,2604 WASHINGTON RD,AUGUSTA,GA,30904-5902,,,ping,new,,yes
course_pro_shop,DALTON GOLF AND COUNTRY CLUB,333 COUNTRY CLUB WAY,DALTON,GA,30721-2122,7062595911,,ping,new,,yes
course_pro_shop,CHESTATEE GOLF CLUB,777 DOGWOOD WAY,DAWSONVILLE,GA,30534-5770,6788595101,,ping,new,,yes
course_pro_shop,DUBLIN COUNTRY CLUB,689 COUNTRY CLUB RD,DUBLIN,GA,31021-0130,4782721469,,ping,new,,yes
course_pro_shop,CHICOPEE WOODS GOLF COURSE,2515 ATLANTA HWY,GAINESVILLE,GA,30504-8260,7705340512,,ping,new,,yes
course_pro_shop,MARIETTA COUNTRY CLUB INC,1400 MARIETTA COUNTRY CLUB DR NW,KENNESAW,GA,30152-4744,,,ping,new,,yes
course_pro_shop,1919 Academy @ Newnan Country Club,1356 U.S. 29 North,Newnan,GA,30263,678-764-1076,,ping,new,,yes
course_pro_shop,SEA ISLAND GOLF CLUB,100 RETREAT RD,SAINT SIMONS ISLAND,GA,31522-2491,,,ping,new,,yes
course_pro_shop,GLEN ARVEN COUNTRY CLUB PRO SHOP,1700 OLD MONTICELLO RD,THOMASVILLE,GA,31792-6715,,,ping,new,,yes
course_pro_shop,AMARILLO COUNTRY CLUB INC,4800 BUSHLAND BLVD,AMARILLO,TX,79106-5534,,,ping,new,,yes
course_pro_shop,THE GOLF CLUB LLC,12707 NUTTY BROWN RD,AUSTIN,TX,78737-9241,512-916-4653 (GOLF),,ping,new,,yes
course_pro_shop,MIRAMONT COUNTRY CLUB PRO SHOP,1 MIRAMONT BLVD,BRYAN,TX,77802-1756,,,ping,new,,yes
course_pro_shop,CONROE COUNTRY CLUB,3051 N LOOP 336 W,CONROE,TX,77304-3626,,,ping,new,,yes
course_pro_shop,BENT TREE COUNTRY CLUB INC,5201 WESTGROVE DR,DALLAS,TX,75248-2044,,,ping,new,,yes
course_pro_shop,DALLAS COUNTRY CLUB,4100 BEVERLY DR,DALLAS,TX,75205-2850,,,ping,new,,yes
course_pro_shop,COLONIAL COUNTRY CLUB,3735 COUNTRY CLUB CIR,FORT WORTH,TX,76109-1035,,,ping,new,,yes
course_pro_shop,LEONARD GOLF LINKS,3200 CHAPEL CREEK BLVD,FORT WORTH,TX,76116-1200,18175600200,,ping,new,,yes
course_pro_shop,RIVER CREST COUNTRY CLUB,1501 WESTERN AVE,FORT WORTH,TX,76107-1542,,,ping,new,,yes
course_pro_shop,TIMBER CREEK GOLF CLUB PRO SHOP,4554 FM 2351 RD,FRIENDSWOOD,TX,77546-2820,2817340177,,ping,new,,yes
course_pro_shop,PRAIRIE LAKE GOLF COURSE PRO SHOP,3202 SE 14TH ST,GRAND PRAIRIE,TX,75052-5912,,,ping,new,,yes
course_pro_shop,GRAPEVINE GOLF COURSE PRO SHOP,3800 FAIRWAY DR,GRAPEVINE,TX,76051-2027,817-410-3377,,ping,new,,yes
course_pro_shop,ESCONDIDO COUNTRY CLUB PRO SHOP,9090 HIGHWAY 2147,HORSESHOE BAY,TX,78657-6113,,,ping,new,,yes
course_pro_shop,HOUSTON COUNTRY CLUB,1 POTOMAC DR,HOUSTON,TX,77057-1207,,,ping,new,,yes
course_pro_shop,RIVER OAKS COUNTRY CLUB INC,1600 RIVER OAKS BLVD,HOUSTON,TX,77019-1202,,,ping,new,,yes
course_pro_shop,WESTWOOD COUNTRY CLUB INC,8888 Country Creek Street,Houston,TX,77036-7292,,,ping,new,,yes
course_pro_shop,THE LAREDO COUNTRY CLUB INC,1415 COUNTRY CLUB DR,LAREDO,TX,78045-1900,,,ping,new,,yes
course_pro_shop,LEVELLAND COUNTRY CLUB GOLF SHOP,201 COUNTRY CLUB LN,LEVELLAND,TX,79336-6619,,,ping,new,,yes
course_pro_shop,WALDEN COUNTRY CLUB PRO SHOP,13101 WALDEN RD,MONTGOMERY,TX,77356-5385,,,ping,new,,yes
course_pro_shop,Randolph Oaks Golf Course,Golf Course Road,Randolph AFB,TX,78150,,,ping,new,,yes
course_pro_shop,SAN ANGELO COUNTRY CLUB,1609 COUNTRY CLUB RD,SAN ANGELO,TX,76904-9302,,,ping,new,,yes
course_pro_shop,OAK HILLS COUNTRY CLUB,5403 FREDERICKSBURG RD,SAN ANTONIO,TX,78229-3503,,,ping,new,,yes
course_pro_shop,WINDROSE GOLF CLUB,6235 Pinelakes Boulevard,Spring,TX,77379-2599,8327226080,,ping,new,,yes
course_pro_shop,WILLOW BROOK COUNTRY CLUB GOLF SHOP,3205 W ERWIN ST,TYLER,TX,75702-6609,903 343 6161,,ping,new,,yes
course_pro_shop,COTTONWOOD CREEK GOLF COURSE,5201 BAGBY AVE,WACO,TX,76711-2302,,,ping,new,,yes
course_pro_shop,RIDGEWOOD COUNTRY CLUB,7301 FISH POND RD,WACO,TX,76710-1009,,,ping,new,,yes
course_pro_shop,SHADY OAKS COUNTRY CLUB,320 ROARING SPRINGS RD,WESTWORTH VILLAGE,TX,76114-4111,,,ping,new,,yes
fitting_chain,True Spec Golf - Dallas-Fort Worth,4030 N MacArthur Blvd #222,Carefree,AZ,85377,+1844-729-8809,https://truespecgolf.com/dallas-fort-worth/,openseo,new,,yes
fitting_chain,COOL CLUBS,13100 Sunridge Drive,Fountain Hills,AZ,85268-3400,,,ping,new,,yes
fitting_chain,CLUB CHAMPION INC,20022 North 67th Avenue,Glendale,AZ,85308-4623,,,ping,new,,yes
fitting_chain,GOLFTEC BILTMORE,3136 E INDIAN SCHOOL RD,PHOENIX,AZ,85016-6808,,,ping,new,,yes
fitting_chain,TRUE SPEC GOLF - PHOENIX,3636 East Baseline Road,Phoenix,AZ,85042-7214,,,ping,new,,yes
fitting_chain,COOL CLUBS,7267 E ADOBE DR,SCOTTSDALE,AZ,85255-4032,,,ping,new,,yes
fitting_chain,GOLFTEC N-SCOTTSDALE,23417 N PIMA RD,SCOTTSDALE,AZ,85255-8382,,,ping,new,,yes
fitting_chain,GOLFTEC SHEA SCOTTSDALE,7342 E SHEA BLVD,SCOTTSDALE,AZ,85260-6467,,,ping,new,,yes
fitting_chain,CLUB CHAMPION INC,9015 East Vía Linda,Scottsdale,AZ,85258-5410,,,ping,new,,yes
fitting_chain,TRUE SPEC GOLF - SCOTTSDALE,17025 North Scottsdale Road,Scottsdale,AZ,85255-5881,,,ping,new,,yes
fitting_chain,TRUE SPEC GOLF - SCOTTSDALE EAST,9998 Talking Stick Way,Scottsdale,AZ,85250-1201,,,ping,new,,yes
fitting_chain,GOLFTEC TEMPE,2010 E RIO SALADO PKWY STE 118,TEMPE,AZ,85281-5182,,,ping,new,,yes
fitting_chain,GOLFTEC TUCSON,3122 N CAMPBELL AVE,TUCSON,AZ,85719-2302,,,ping,new,,yes
fitting_chain,CLUB CHAMPION INC,635 West Ina Road,Tucson,AZ,85704-4435,,,ping,new,,yes
fitting_chain,CLUB CHAMPION INC,28631 Canwood Street,Agoura Hills,CA,91301,(818) 865-4991,,ping,new,,yes
fitting_chain,TRUE SPEC GOLF - BEVERLY HILLS,9658 Wilshire Boulevard,Beverly Hills,CA,90212-2326,,,ping,new,,yes
fitting_chain,CLUB CHAMPION INC,3480 Blackhawk Plaza Circle,Blackhawk,CA,94506,,,ping,new,,yes
fitting_chain,CLUB CHAMPION INC,284 Dupont Street,Corona,CA,92879-6029,,,ping,new,,yes
fitting_chain,CLUB CHAMPION INC,2710 Via De La Valle,Del Mar,CA,92014-1917,,,ping,new,,yes
fitting_chain,GOLFTEC FOLSOM,2795 E BIDWELL RD,FOLSOM,CA,95630,,,ping,new,,yes
fitting_chain,GOLFTEC FOSTER CITY,1031 E HILLSDALE BLVD,FOSTER CITY,CA,94404-1611,,,ping,new,,yes
fitting_chain,COOL CLUBS,2401 East 3rd Avenue,Foster City,CA,94404,,,ping,new,,yes
fitting_chain,GOLFTEC HUNTINGTON BEACH,15811 GRAHAM ST,HUNTINGTON BEACH,CA,92649-1723,,,ping,new,,yes
fitting_chain,GOLFTEC LA QUINTA #341,80150 US HIGHWAY 111 STE A-2,INDIO,CA,92201-8360,,,ping,new,,yes
fitting_chain,GOLFTEC IRVINE,18021 SKY PARK CIR BLDG 68,IRVINE,CA,92614-6523,,,ping,new,,yes
fitting_chain,COOL CLUBS,1 Golf Club Drive,Irvine,CA,92618,,,ping,new,,yes
fitting_chain,GOLFTEC WEST LA,3130 S SEPULVEDA BLVD STE C,LOS ANGELES,CA,90034-4214,,,ping,new,,yes
fitting_chain,GOLFTEC MISSION VIEJO,28892 MARGUERITE PKWY,MISSION VIEJO,CA,92692-3816,,,ping,new,,yes
fitting_chain,CLUB CHAMPION INC,3601 Jamboree Road,Newport Beach,CA,92660,,,ping,new,,yes
fitting_chain,GOLFTEC OXNARD,2100 OUTLET CENTER DR,OXNARD,CA,93036-0612,,,ping,new,,yes
fitting_chain,GOLFTEC PASEDENA,2245 E COLORADO BLVD,PASADENA,CA,91107-6829,,,ping,new,,yes
fitting_chain,GOLFTEC PLEASANTON,4247 ROSEWOOD DR #16,PLEASANTON,CA,94588,,,ping,new,,yes
fitting_chain,CLUB CHAMPION INC,72306 California 111,Palm Desert,CA,92260,,,ping,new,,yes
fitting_chain,TRUE SPEC GOLF - PALM DESERT,9002 Shadow Ridge Road,Palm Desert,CA,92211,,,ping,new,,yes
fitting_chain,CLUB CHAMPION INC,1232 Galleria Boulevard,Roseville,CA,95678-1950,,,ping,new,,yes
fitting_chain,GOLFTEC MISSION VALLEY #110,7510 HAZARD CENTER DR STE 417,SAN DIEGO,CA,92108-4525,,,ping,new,,yes
fitting_chain,GOLFTEC SANTA MONICA,918 COLORADO AVE,SANTA MONICA,CA,90401-2717,,,ping,new,,yes
fitting_chain,GOLFTEC STUDIO CITY,12741 1/2 VENTURA BLVD,STUDIO CITY,CA,91604,,,ping,new,,yes
fitting_chain,CLUB CHAMPION INC,1123 Industrial Road,San Carlos,CA,94070-4106,,,ping,new,,yes
fitting_chain,TRUE SPEC GOLF - SAN DIEGO,5200 Grand Del Mar Way,San Diego,CA,92130,,,ping,new,,yes
fitting_chain,CLUB CHAMPION INC,5021 Almaden Expressway,San Jose,CA,95118,,,ping,new,,yes
fitting_chain,CLUB CHAMPION INC,2929 Santa Monica Boulevard,Santa Monica,CA,90404-2413,,,ping,new,,yes
fitting_chain,GOLFTEC SOUTH BAY,22750 HAWTHORNE BLVD 101B,TORRANCE,CA,90505,,,ping,new,,yes
fitting_chain,GOLFTEC WOODLAND HILLS,21015 OXNARD ST,WOODLAND HILLS,CA,91367,,,ping,new,,yes
fitting_chain,TRUE SPEC GOLF - TAMPA BAY,1501 Indian Rocks Road,Belleair,FL,33756,,,ping,new,,yes
fitting_chain,GOLFTEC Boca Raton,7134 Beracasa Way,Boca Raton,FL,33433-3448,561 483 4180,,ping,new,,yes
fitting_chain,TRUE SPEC GOLF - NAPLES,24850 Old 41 Road,Bonita Springs,FL,34135-7021,,,ping,new,,yes
fitting_chain,CLUB CHAMPION INC,5275 University Parkway,Bradenton,FL,34201,,,ping,new,,yes
fitting_chain,CLUB CHAMPION INC,2486 West Brandon Boulevard,Brandon,FL,33511,,,ping,new,,yes
fitting_chain,GOLFTEC CLEARWATER MALL,23894 US HIGHWAY 19 N,CLEARWATER,FL,33765-1527,,,ping,new,,yes
fitting_chain,CLUB CHAMPION INC,14917 Lyons Road,Delray Beach,FL,33446,,,ping,new,,yes
fitting_chain,TRUE SPEC GOLF - DORAL,4400 Northwest 87th Avenue,Doral,FL,33178,,,ping,new,,yes
fitting_chain,GOLFTEC FT MYERS,14261 S TAMIAMI TRL,FORT MYERS,FL,33912-1912,,,ping,new,,yes
fitting_chain,GOLFTEC JACKSONVILLE,4372 SOUTHSIDE BLVD STE 306,JACKSONVILLE,FL,32216-8501,,,ping,new,,yes
fitting_chain,CLUB CHAMPION INC,13529 Beach Boulevard,Jacksonville,FL,32224,,,ping,new,,yes
fitting_chain,TRUE SPEC GOLF - PONTE VEDRA,14797 Philips Highway,Jacksonville,FL,32256-3746,,,ping,new,,yes
fitting_chain,CLUB CHAMPION INC,901 West Indiantown Road,Jupiter,FL,33458,,,ping,new,,yes
fitting_chain,ClubCraft Custom Golf Club Fitting,2885 Jupiter Park Dr #200,Jupiter,FL,33458,+1561-401-9185,https://clubcraft.com/,openseo,new,,yes
fitting_chain,TRUE SPEC GOLF - JUPITER,115 Eagle Trace Court,Jupiter,FL,33477,,,ping,new,,yes
fitting_chain,GOLFTEC SARASOTA,6249 LAKE OSPREY DR,LAKEWOOD RANCH,FL,34240-8433,,,ping,new,,yes
fitting_chain,CLUB CHAMPION INC,8960 Southwest 72nd Street,Miami,FL,33173,,,ping,new,,yes
fitting_chain,GOLFTEC North Miami Beach,14761 Biscayne Boulevard,Miami,FL,33181,786 891 4779,,ping,new,,yes
fitting_chain,TRUE SPEC GOLF - NAPLES GRANDE,7335 Premier Drive,Naples,FL,34105-7276,,,ping,new,,yes
fitting_chain,GOLFTEC MILLENIA,4201 VINELAND RD STE I10,ORLANDO,FL,32811-7486,,,ping,new,,yes
fitting_chain,CLUB CHAMPION INC,7720 Turkey Lake Road,Orlando,FL,32819-5224,,,ping,new,,yes
fitting_chain,GOLFTEC Lake Nona,9985 Tagore Place,Orlando,FL,32827-7704,321 346 4511,,ping,new,,yes
fitting_chain,TRUE SPEC GOLF - ORLANDO,12001 Avenue Verde,Orlando,FL,32821-7071,,,ping,new,,yes
fitting_chain,GOLFTEC ST PETERSBURG,8808 4TH ST N,ST PETERSBURG,FL,33702,,,ping,new,,yes
fitting_chain,CLUB CHAMPION INC,1481 WP Ball Boulevard,Sanford,FL,32771,,,ping,new,,yes
fitting_chain,GOLFTEC WESTSHORE,4142 W BOY SCOUT BLVD,TAMPA,FL,33607-5714,,,ping,new,,yes
fitting_chain,GOLFTEC New Tampa,18047 Highwoods Preserve Parkway,Tampa,FL,33647,813 608 0283,,ping,new,,yes
fitting_chain,CLUB CHAMPION INC,363 Colony Boulevard,The Villages,FL,32162,,,ping,new,,yes
fitting_chain,COOL CLUBS,16301 Phil Ritson Way,Winter Garden,FL,34787-6200,,,ping,new,,yes
fitting_chain,GOLFTEC BUCKHEAD STATION,3145 PEACHTREE RD NE,ATLANTA,GA,30305-1800,,,ping,new,,yes
fitting_chain,GOLFTEC Midtown Atlanta,699 Spring Street Northwest,Atlanta,GA,30308-1977,470 298 7091,,ping,new,,yes
fitting_chain,TRUE SPEC GOLF - ATLANTA,3050 Peachtree Road Northwest,Atlanta,GA,30305,,,ping,new,,yes
fitting_chain,CLUB CHAMPION INC,3310 Buford Drive,Buford,GA,30519-8701,,,ping,new,,yes
fitting_chain,COOL CLUBS,1310 Joe Frank Harris Parkway Southeast,Cartersville,GA,30120-4221,,,ping,new,,yes
fitting_chain,TRUE SPEC GOLF - NORTH GEORGIA,1310 Joe Frank Harris Parkway Southeast,Cartersville,GA,30120-4221,,,ping,new,,yes
fitting_chain,GOLFTEC ROSWELL,6329 ROSWELL RD,SANDY SPRINGS,GA,30328-3225,,,ping,new,,yes
fitting_chain,GOLFTEC FOX CREEK,1501 WINDY HILL RD SE,SMYRNA,GA,30080-2179,,,ping,new,,yes
fitting_chain,CLUB CHAMPION INC,6690 Roswell Road,Sandy Springs,GA,30328,,,ping,new,,yes
fitting_chain,GOLFTEC Allen,977 State Highway 121,Allen,TX,75013-2245,469 663 0015,,ping,new,,yes
fitting_chain,CLUB CHAMPION INC,3801 North Capital of Texas Highway,Austin,TX,78746,(512) 953-5900,,ping,new,,yes
fitting_chain,GOLFTEC College Station,1505 University Drive East,College Station,TX,77840-2672,979 426 0997,,ping,new,,yes
fitting_chain,GOLFTEC NORTH DALLAS,5290 BELT LINE RD,DALLAS,TX,75254-7512,,,ping,new,,yes
fitting_chain,GOLFTEC PARK CITIES,5400 E MOCKINGBIRD LN,DALLAS,TX,75206-5300,,,ping,new,,yes
fitting_chain,CLUB CHAMPION INC,5331 East Mockingbird Lane,Dallas,TX,75206,,,ping,new,,yes
fitting_chain,GOLFTEC,641 N RESLER DR,EL PASO,TX,79912-2385,915-308-0880,,ping,new,,yes
fitting_chain,GOLFTEC FORT WORTH,2600 W 7TH ST,FORT WORTH,TX,76107-9321,,,ping,new,,yes
fitting_chain,GOLFTEC BAYBROOK,19074 GULF FWY,FRIENDSWOOD,TX,77546-2703,,,ping,new,,yes
fitting_chain,CLUB CHAMPION INC,4601 West Freeway,Fort Worth,TX,76107,,,ping,new,,yes
fitting_chain,COOL CLUBS,6363 Dallas Parkway,Frisco,TX,75034-9682,,,ping,new,,yes
fitting_chain,GOLFTEC HOUSTON GALLERIA,5000 WESTHEIMER RD,HOUSTON,TX,77056-5617,,,ping,new,,yes
fitting_chain,GOLFTEC HOUSTON HEIGHTS,2799 KATY FWY,HOUSTON,TX,77007,,,ping,new,,yes
fitting_chain,GOLFTEC MEMORIAL CITY,10403 KATY FWY,HOUSTON,TX,77024-1184,,,ping,new,,yes
fitting_chain,GOLFTEC UPPER KIRBY,5110 BUFFALO SPEEDWAY,HOUSTON,TX,77005-4220,,,ping,new,,yes
fitting_chain,CLUB CHAMPION INC,10321 Katy Freeway,Houston,TX,77024-1107,,,ping,new,,yes
fitting_chain,GOLFTEC Cypress,27002 Northwest Freeway,Houston,TX,77433,346 666 7005,,ping,new,,yes
fitting_chain,GOLFTEC LAS COLINAS,114 E JOHN CARPENTER FWY,IRVING,TX,75062-3539,,,ping,new,,yes
fitting_chain,TRUE SPEC GOLF - DALLAS-FORT WORTH,4030 North MacArthur Boulevard,Irving,TX,75038,,,ping,new,,yes
fitting_chain,GOLFTEC PLANO,340 COIT RD,PLANO,TX,75075-5882,,,ping,new,,yes
fitting_chain,CLUB CHAMPION INC,4701 West Park Boulevard,Plano,TX,75093-2326,,,ping,new,,yes
fitting_chain,GOLFTEC SOUTHLAKE,2757 E SOUTHLAKE BLVD,SOUTHLAKE,TX,76092,,,ping,new,,yes
fitting_chain,CLUB CHAMPION INC,340 East Basse Road,San Antonio,TX,78209,,,ping,new,,yes
fitting_chain,CLUB CHAMPION INC,19075 Interstate 45,Shenandoah,TX,77385-8705,,,ping,new,,yes
fitting_chain,GOLFTEC SUGAR LAND,16560 Southwest Freeway,Sugar Land,TX,77479,,,ping,new,,yes
fitting_chain,COOL CLUBS,699 Lady of The Lake Boulevard,The Colony,TX,75056,,,ping,new,,yes
golf_retail_chain,GOLF GALAXY - CHANDLER,880 N 54TH ST,CHANDLER,AZ,85226-1504,,,ping,new,,yes
golf_retail_chain,PGA TOUR SUPERSTORE CHANDLER,2031 N ARIZONA AVE,CHANDLER,AZ,85225-3409,,,ping,new,,yes
golf_retail_chain,PGA TOUR SUPERSTORE GLENDALE,7360 W BELL RD,GLENDALE,AZ,85308-8526,,,ping,new,,yes
golf_retail_chain,GOLF GALAXY - GLENDALE,7765 W BELL RD,PEORIA,AZ,85382-3804,,,ping,new,,yes
golf_retail_chain,PGA TOUR SUPERSTORE N. SCOTTSDALE,7000 E MAYO BLVD,PHOENIX,AZ,85054-6158,602-777-6380,,ping,new,,yes
golf_retail_chain,2ND SWING SCOTTSDALE SOUTH,9130 TALKING STICK WAY,SCOTTSDALE,AZ,85250,,,ping,new,,yes
golf_retail_chain,PGA TOUR Superstore - Shea Scottsdale,8740 E SHEA BLVD,SCOTTSDALE,AZ,85260-6625,480-214-4350,,ping,new,,yes
golf_retail_chain,PGA TOUR SUPERSTORE TUCSON,4215 N ORACLE RD,TUCSON,AZ,85705-1631,,,ping,new,,yes
golf_retail_chain,ROGER DUNN - CANOGA PARK,21603 VICTORY BLVD,CANOGA PARK,CA,91303,,,ping,new,,yes
golf_retail_chain,GOLF MART - CARLSBAD,2711 HAYMAR DR,CARLSBAD,CA,92008-1260,,,ping,new,,yes
golf_retail_chain,GOLF MART - DEL MAR,15555 JIMMY DURANTE BLVD,DEL MAR,CA,92014-1901,,,ping,new,,yes
golf_retail_chain,GOLF GALAXY - DUBLIN,2820 DUBLIN BLVD,DUBLIN,CA,94568-4589,,,ping,new,,yes
golf_retail_chain,GOLF MART - DUBLIN,6694 AMADOR PLAZA RD,DUBLIN,CA,94568-2996,,,ping,new,,yes
golf_retail_chain,PGA TOUR SUPERSTORE EAST PALO ALTO,1751 E BAYSHORE RD,EAST PALO ALTO,CA,94303-2523,,,ping,new,,yes
golf_retail_chain,GOLF MART - ENCINITAS,1441 ENCINITAS BLVD. #110,ENCINITAS,CA,92024,,,ping,new,,yes
golf_retail_chain,GOLF MART - ESCONDIDO,1066 W VALLEY PKWY,ESCONDIDO,CA,92025-2559,,,ping,new,,yes
golf_retail_chain,ROGER DUNN GOLF FRESNO,5618 N BLACKSTONE AVE,FRESNO,CA,93710-5004,559-436-0464,,ping,new,,yes
golf_retail_chain,ROGER DUNN - INDIO,80555 US HIGHWAY 111,INDIO,CA,92201-6532,,,ping,new,,yes
golf_retail_chain,PGA TOUR SUPERSTORE IRVINE,107 TECHNOLOGY DR,IRVINE,CA,92618-2408,,,ping,new,,yes
golf_retail_chain,ROGER DUNN - WEST LOS ANGELES,1801 S BUNDY DR,LOS ANGELES,CA,90025-5201,,,ping,new,,yes
golf_retail_chain,ROGER DUNN - MISSION VIEJO,28191 MARGUERITE PKWY,MISSION VIEJO,CA,92692-3735,,,ping,new,,yes
golf_retail_chain,ROGER DUNN - NEWBURY PARK,2812 CAMINO DOS RIOS,NEWBURY PARK,CA,91320,,,ping,new,,yes
golf_retail_chain,ROGER DUNN - NORTH HOLLYWOOD,5445 LANKERSHIM BLVD,NORTH HOLLYWOOD,CA,91601-2723,818-763-3622,,ping,new,,yes
golf_retail_chain,PGA TOUR SUPERSTORE PALM DESERT,72280 HIGHWAY 111,PALM DESERT,CA,92260-2743,,,ping,new,,yes
golf_retail_chain,GOLF GALAXY - PASADENA,3635 E FOOTHILL BLVD,PASADENA,CA,91107-3121,,,ping,new,,yes
golf_retail_chain,GOLF GALAXY - PLEASANT HILL,120 CRESCENT DR,PLEASANT HILL,CA,94523-5502,,,ping,new,,yes
golf_retail_chain,ROGER DUNN - RANCHO CUCAMONGA,11849 FOOTHILL BLVD,RANCHO CUCAMONGA,CA,91730-3931,9099487959,,ping,new,,yes
golf_retail_chain,ROGER DUNN - RIVERSIDE,10031A INDIANA AVE,RIVERSIDE,CA,92503-9300,,,ping,new,,yes
golf_retail_chain,GOLF GALAXY - SACRAMENTO,5771 FIVE STAR BLVD,ROSEVILLE,CA,95678-3456,,,ping,new,,yes
golf_retail_chain,GOLF MART - SAN DIEGO,1231 CAMINO DEL RIO S,SAN DIEGO,CA,92108-3584,,,ping,new,,yes
golf_retail_chain,GOLF GALAXY - SAN JOSE,4070 STEVENS CREEK BLVD,SAN JOSE,CA,95129-1334,,,ping,new,,yes
golf_retail_chain,GOLF MART - SAN RAFAEL,530 FRANCISCO BLVD W,SAN RAFAEL,CA,94901-3963,,,ping,new,,yes
golf_retail_chain,ROGER DUNN - SANTA ANA,1421 VILLAGE WAY,SANTA ANA,CA,92705-4714,,,ping,new,,yes
golf_retail_chain,GOLF MART - SANTA ROSA (ROHNERT),2768 SANTA ROSA AVE,SANTA ROSA,CA,95407-6220,,,ping,new,,yes
golf_retail_chain,ROGER DUNN - SEAL BEACH,13958 SEAL BEACH BLVD,SEAL BEACH,CA,90740-5301,,,ping,new,,yes
golf_retail_chain,GOLF MART - SEASIDE,2040 FREMONT BLVD,SEASIDE,CA,93955-3104,831-583-1000,,ping,new,,yes
golf_retail_chain,GOLF MART - SOUTH SAN FRANCISCO,470A NOOR AVE,SOUTH SAN FRANCISCO,CA,94080-5957,650-583-4653,,ping,new,,yes
golf_retail_chain,Golf Galaxy,4070 Stevens Creek Blvd,San Jose,CA,95129,+1408-615-7000,https://stores.golfgalaxy.com/ca/san-jose/3202/?seo=localpack,openseo,new,,yes
golf_retail_chain,GOLF GALAXY - UPLAND,1221 E 19TH ST,UPLAND,CA,91784-9285,,,ping,new,,yes
golf_retail_chain,ROGER DUNN GOLF VISALIA,1813 West Caldwell Avenue,Visalia,CA,93277-8003,5597341385,,ping,new,,yes
golf_retail_chain,GOLF MART - WALNUT CREEK,1299 PARKSIDE DR,WALNUT CREEK,CA,94596-3693,,,ping,new,,yes
golf_retail_chain,PGA TOUR SUPERSTORE ALTAMONTE SPRIN,375 E ALTAMONTE DR,ALTAMONTE SPRINGS,FL,32701-4400,,,ping,new,,yes
golf_retail_chain,EDWIN WATTS - BOCA RATON,20655 Lyons Road,Boca Raton,FL,33434-3947,561-717-8432,,ping,new,,yes
golf_retail_chain,GOLF GALAXY - CLEARWATER,2753 GULF TO BAY BLVD,CLEARWATER,FL,33759-3945,,,ping,new,,yes
golf_retail_chain,PGA TOUR SUPERSTORE DELRAY BEACH,1040 LINTON BLVD,DELRAY BEACH,FL,33444-1104,,,ping,new,,yes
golf_retail_chain,EDWIN WATTS - DESTIN,36074 EMERALD COAST PKWY,DESTIN,FL,32541-5719,8506540363,,ping,new,,yes
golf_retail_chain,EDWIN WATTS - DORAL,8484 NW 36TH ST,DORAL,FL,33166-6618,(305)591-1220,,ping,new,,yes
golf_retail_chain,EDWIN WATTS - FT MYERS,11120 S CLEVELAND AVE,FORT MYERS,FL,33907-2352,,,ping,new,,yes
golf_retail_chain,GOLF GALAXY - FORT MYERS,10091 GULF CENTER DR,FORT MYERS,FL,33913-8963,,,ping,new,,yes
golf_retail_chain,EDWIN WATTS - JACKSONVILLE,9365 PHILIPS HWY,JACKSONVILLE,FL,32256-1360,,,ping,new,,yes
golf_retail_chain,PGA TOUR SUPERSTORE JACKSONVILLE,SUITE 300 4906 TOWN CENTER PKWY,JACKSONVILLE,FL,32246,,,ping,new,,yes
golf_retail_chain,EDWIN WATTS - JACKSONVILLE BEACH,4082 3RD ST S,JAX BCH,FL,32250-5848,,,ping,new,,yes
golf_retail_chain,EDWIN WATTS - LADY LAKE,676 N US-441,LADY LAKE,FL,32159-3777,,,ping,new,,yes
golf_retail_chain,GOLF GALAXY - LUTZ,17649 N DALE MABRY HWY,LUTZ,FL,33548-4535,,,ping,new,,yes
golf_retail_chain,GOLF GALAXY - NAPLES,6428 HOLLYWOOD BLVD,NAPLES,FL,34109-2038,,,ping,new,,yes
golf_retail_chain,PGA TOUR SUPERSTORE NAPLES,2135 TAMIAMI TRL N,NAPLES,FL,34102-4820,,,ping,new,,yes
golf_retail_chain,EDWIN WATTS - N MIAMI BEACH,15999 BISCAYNE BLVD,NORTH MIAMI BEACH,FL,33160-4605,,,ping,new,,yes
golf_retail_chain,EDWIN WATTS - ORLANDO,7501 TURKEY LAKE RD,ORLANDO,FL,32819-5223,,,ping,new,,yes
golf_retail_chain,GOLF GALAXY - TURKEY LAKE,8055 TURKEY LAKE RD,ORLANDO,FL,32819-7382,,,ping,new,,yes
golf_retail_chain,PGA TOUR SUPERSTORE ORLANDO,7603 TURKEY LAKE RD,ORLANDO,FL,32819-5313,,,ping,new,,yes
golf_retail_chain,EDWIN WATTS - PALM BEACH GARDENS,3889 NORTHLAKE BLVD,PALM BEACH GARDENS,FL,33403-1509,,,ping,new,,yes
golf_retail_chain,PGA TOUR SUPERSTORE PBG,3198 PGA BLVD,PALM BEACH GARDENS,FL,33410-2802,,,ping,new,,yes
golf_retail_chain,EDWIN WATTS - PALM HARBOR,32257 US HIGHWAY 19 N,PALM HARBOR,FL,34684-3708,,,ping,new,,yes
golf_retail_chain,GOLF GALAXY - PEMBROKE CROSSING,11810 PINES BLVD,PEMBROKE PINES,FL,33026-4123,,,ping,new,,yes
golf_retail_chain,EDWIN WATTS - PENSACOLA,5717 N DAVIS HWY,PENSACOLA,FL,32503,850-477-0519,,ping,new,,yes
golf_retail_chain,PGA TOUR SUPERSTORE FT LAUDERDALE,8101 W BROWARD BLVD,PLANTATION,FL,33324-2011,,,ping,new,,yes
golf_retail_chain,EDWIN WATTS - POMPANO BEACH,435 S FEDERAL HWY,POMPANO BEACH,FL,33062-5901,,,ping,new,,yes
golf_retail_chain,GOLF GALAXY - SARASOTA,143 N CATTLEMEN RD,SARASOTA,FL,34243-4700,,,ping,new,,yes
golf_retail_chain,EDWIN WATTS - TALLAHASSEE,2423 CAPITAL CIR NE,TALLAHASSEE,FL,32308-4101,,,ping,new,,yes
golf_retail_chain,EDWIN WATTS - TAMPA,11921 N DALE MABRY HWY,TAMPA,FL,33618-3512,,,ping,new,,yes
golf_retail_chain,EDWIN WATTS - TAMPA #15,11921 N DALE MABRY HWY,TAMPA,FL,33618-3512,813-960-5330,,ping,new,,yes
golf_retail_chain,PGA TOUR SUPERSTORE TAMPA,13210 N DALE MABRY HWY,TAMPA,FL,336158,,,ping,new,,yes
golf_retail_chain,EDWIN WATTS - VILLAGES,3503 WEDGEWOOD LN,THE VILLAGES,FL,32162-7187,,,ping,new,,yes
golf_retail_chain,PGA TOUR SUPERSTORE SARASOTA,8563 COOPER CREEK BLVD,UNIVERSITY PARK,FL,34201,,,ping,new,,yes
golf_retail_chain,EDWIN WATTS - ATLANTA,3150 PIEDMONT RD NE,ATLANTA,GA,30305-3335,,,ping,new,,yes
golf_retail_chain,GOLF GALAXY - ATLANTA,2860 CUMBERLAND MALL SE,ATLANTA,GA,30339-4442,,,ping,new,,yes
golf_retail_chain,EDWIN WATTS - MARTINEZ,592 Bobby Jones Expressway,Augusta,GA,30907,,,ping,new,,yes
golf_retail_chain,PGA TOUR SUPERSTORE KENNESAW,2911 GEORGE BUSBEE PKWY NW,KENNESAW,GA,30144-6909,,,ping,new,,yes
golf_retail_chain,PGA TOUR SUPERSTORE SUGARLOAF,2255 NEWPOINT PKWY,LAWRENCEVILLE,GA,30043-5509,,,ping,new,,yes
golf_retail_chain,PGA TOUR SUPERSTORE ROSWELL,1005 HOLCOMB WOODS PKWY,ROSWELL,GA,30076-2738,,,ping,new,,yes
golf_retail_chain,EDWIN WATTS - SAVANNAH,7700 ABERCORN ST STE 4,SAVANNAH,GA,31406-2459,,,ping,new,,yes
golf_retail_chain,EDWIN WATTS - ST SIMONS ISLAND,230 RETREAT VLG,ST SIMONS ISLAND,GA,31522-2403,,,ping,new,,yes
golf_retail_chain,GOLF HEADQUARTERS,6028 BELL ST,AMARILLO,TX,79109-6619,,,ping,new,,yes
golf_retail_chain,GOLF GALAXY - DALLAS-ARLINGTON,1001 W INTERSTATE 20,ARLINGTON,TX,76017-5855,,,ping,new,,yes
golf_retail_chain,PGA TOUR SUPERSTORE ARLINGTON,4652 S COOPER ST,ARLINGTON,TX,76017-5826,,,ping,new,,yes
golf_retail_chain,GOLF GALAXY - AUSTIN AROBORETUM,10001 RESEARCH BLVD,AUSTIN,TX,78759-5689,,,ping,new,,yes
golf_retail_chain,Golf Galaxy,1001 W Interstate 20,Arlington,TX,76017,+1817-557-5077,https://stores.golfgalaxy.com/tx/arlington/3221/?seo=localpack,openseo,new,,yes
golf_retail_chain,Golf Galaxy,10001 Research Blvd,Austin,TX,78759,+1512-502-9231,https://stores.golfgalaxy.com/tx/austin/3201/?seo=localpack,openseo,new,,yes
golf_retail_chain,PGA TOUR SUPERSTORE AUSTIN,10515 North Mopac Expressway,Austin,TX,78758,,,ping,new,,yes
golf_retail_chain,EDWIN WATTS - CORPUS CHRISTI,4526 S PADRE ISLAND DR,CORPUS CHRISTI,TX,78411-4412,(361) 852-0358,,ping,new,,yes
golf_retail_chain,GOLF GALAXY - NORTHPARK,9358 N CENTRAL EXPY,DALLAS,TX,75231-5010,,,ping,new,,yes
golf_retail_chain,GOLF GALAXY - BAYBROOK,18650 GULF FWY,FRIENDSWOOD,TX,77546-2717,,,ping,new,,yes
golf_retail_chain,2nd Swing PGA Coaching Center,3255 PGA Parkway,Frisco,TX,75033,469-701-1775,,ping,new,,yes
golf_retail_chain,GOLF GALAXY - GRAPEVINE,2100 W NORTHWEST HWY,GRAPEVINE,TX,76051-7808,,,ping,new,,yes
golf_retail_chain,EDWIN WATTS - HOUSTON,5395 WESTHEIMER RD,HOUSTON,TX,77056-5402,(713) 627-2411,,ping,new,,yes
golf_retail_chain,GOLF GALAXY - GALLERIA,5078 RICHMOND AVE,HOUSTON,TX,77056-7402,,,ping,new,,yes
golf_retail_chain,PGA TOUR SUPERSTORE HOUSTON,5721 WESTHEIMER ROAD,HOUSTON,TX,77057,,,ping,new,,yes
golf_retail_chain,Golf Galaxy,5078 Richmond Ave,Houston,TX,77056,+1832-203-1518,https://stores.golfgalaxy.com/tx/houston/3045/?seo=localpack,openseo,new,,yes
golf_retail_chain,GOLF GALAXY - KATY,24600 KATY FWY,KATY,TX,77494-7805,,,ping,new,,yes
golf_retail_chain,PGA TOUR SUPERSTORE KATY,24743 KATY FWY,KATY,TX,77494-3261,,,ping,new,,yes
golf_retail_chain,GOLF HEADQUARTERS LUBBOCK,10609 SLIDE RD,LUBBOCK,TX,79424-6970,,,ping,new,,yes
golf_retail_chain,GOLF HEADQUARTERS,2224 N 10TH ST,MCALLEN,TX,78501-4002,,,ping,new,,yes
golf_retail_chain,GOLF HEADQUARTERS,4610 N GARFIELD ST,MIDLAND,TX,79705-2651,,,ping,new,,yes
golf_retail_chain,PGA TOUR SUPERSTORE PLANO (ACCENT),600 ACCENT DR,PLANO,TX,75075-8962,,,ping,new,,yes
golf_retail_chain,PGA TOUR SUPERSTORE PLANO (PRESTON),8700 PRESTON RD,PLANO,TX,75024-3324,,,ping,new,,yes
golf_retail_chain,EDWIN WATTS - SAN ANTONIO,1050 NE LOOP 410,SAN ANTONIO,TX,78209-1201,(210) 822-4060,,ping,new,,yes
golf_retail_chain,GOLF GALAXY - SAN ANTONIO,1211 N LOOP 1604 W,SAN ANTONIO,TX,78258-4596,,,ping,new,,yes
golf_retail_chain,PGA TOUR SUPERSTORE WOODLANDS,19075 INTERSTATE 45 S,SHENANDOAH,TX,77385-8705,,,ping,new,,yes
golf_retail_chain,PGA TOUR SUPERSTORE SOUTHLAKE,2241 E SOUTHLAKE BLVD,SOUTH LAKE,TX,76092-6852,,,ping,new,,yes
golf_retail_chain,GOLF GALAXY - THE WOODLANDS,25415 IH 45 N,SPRING,TX,77380-3648,,,ping,new,,yes
golf_retail_chain,Golf Galaxy,1211 N Loop 1604 W,San Antonio,TX,78258,+1210-764-1015,https://stores.golfgalaxy.com/tx/san-antonio/3222/?seo=localpack,openseo,new,,yes
golf_retail_chain,PGA TOUR SUPERSTORE SAN ANTONIO,18450 Blanco Road,San Antonio,TX,78258-4052,,,ping,new,,yes
golf_retail_chain,Golf Galaxy,25415 I-45 Ste B,Spring,TX,77380,+1281-292-2288,https://stores.golfgalaxy.com/tx/spring/3229/?seo=localpack,openseo,new,,yes
golf_retail_chain,2ND SWING DALLAS,4711 STATE HIGHWAY 121 STE 200,THE COLONY,TX,75056-2914,,,ping,new,,yes
golf_retail_chain,EDWIN WATTS - TYLER,410 W SOUTHWEST LOOP 323,TYLER,TX,75701-9404,(903) 561-8851,,ping,new,,yes
indie,VANS PRO SHOP-AVONDALE,12247 W INDIAN SCHOOL RD,AVONDALE,AZ,85392-5646,(623)935-9351,,ping,new,,yes
indie,HORNACEK'S GOLF CHANDLER LLC,4975 S ALMA SCHOOL RD,CHANDLER,AZ,85248-5500,,,ping,new,,yes
indie,VANS - GILBERT,2716 S MARKET ST,GILBERT,AZ,85295-1384,,,ping,new,,yes
indie,SUPERSTITION MOUNTAIN GOLF,8000 E CLUB VILLAGE DR,GOLD CANYON,AZ,85118-1801,,,ping,new,,yes
indie,GOLF GURU,5540 E BROADWAY RD,MESA,AZ,85206,4806603830,,ping,new,,yes
indie,VANS - EAST MESA (APACHE),801 S POWER RD,MESA,AZ,85206-5246,,,ping,new,,yes
indie,MARIA PRZYMIERSKI GA,2401 South Lansing,Mesa,AZ,85209-1155,5204009457,,ping,new,,yes
indie,THE RIM CLUB,300 S CLUB HOUSE,PAYSON,AZ,85541-5861,,,ping,new,,yes
indie,VANS - PHOENIX (CAMELBACK),3217 E CAMELBACK RD,PHOENIX,AZ,85018-2307,6029570001,,ping,new,,yes
indie,HORNACEK'S HOUSE OF GOLF INC,23587 N SCOTTSDALE RD STE C4,SCOTTSDALE,AZ,85255-3470,,,ping,new,,yes
indie,Hornacek's Golf - Scottsdale,23587 N SCOTTSDALE RD STE C4,SCOTTSDALE,AZ,85255,,,ping,new,,yes
indie,VANS - NORTH SCOTTSDALE,8720 E FRANK LLOYD WRIGHT BLVD,SCOTTSDALE,AZ,85260-1926,,,ping,new,,yes
indie,VANS - SUN CITY,10001 W BELL RD,SUN CITY,AZ,85351-1297,,,ping,new,,yes
indie,REID WEST GOLF ACADEMIES,12805 W BEARDSLEY RD,SUN CITY WEST,AZ,85375-3300,6236874333,,ping,new,,yes
indie,PUTTING WORLD,16259 North Scottsdale Road,Scottsdale,AZ,85254-1587,,,ping,new,,yes
indie,VANS - TUCSON (CROSSROADS),4861 E. GRANT RD. #161,TUCSON,AZ,85712-2768,,,ping,new,,yes
indie,VANS - TUCSON (ORACLE),4230 N ORACLE RD,TUCSON,AZ,85705-1767,,,ping,new,,yes
indie,Randolph Golf Complex,600 South Alvernon Way,Tucson,AZ,85711,5207914161,,ping,new,,yes
indie,ANCIL HOFFMAN GOLF SHOP,6700 TARSHES DR,CARMICHAEL,CA,95608-5325,916-482-3813 ,,ping,new,,yes
indie,KBS Golf Experience,2622 Gateway Rd #115,Carlsbad,CA,92009,+1760-383-8687,https://kbsgolfx.com/,openseo,new,,yes
indie,DESERT PRINCESS GOLF SHOP,28555 Landau Boulevard,Cathedral City,CA,92234-3508,760.322.2280,,ping,new,,yes
indie,East Bay Golf Center Inc,4050 Port Chicago Highway,Concord,CA,94520-1121,9256866267,,ping,new,,yes
indie,MEADOW CLUB INC,1001 BOLINAS RD,FAIRFAX,CA,94930-2221,,,ping,new,,yes
indie,ORANGE GOLF & SPORTS,9562 Garden Grove Boulevard,Garden Grove,CA,92844,,,ping,new,,yes
indie,K PRO GOLF INC,14806 BEACH BLVD,LA MIRADA,CA,90638,657-243-0233,,ping,new,,yes
indie,NO BOGEYS GOLF LLC,27601 FORBES RD,LAGUNA NIGUEL,CA,92677-1240,,,ping,new,,yes
indie,ON TARGET PERFORMANCE,40405 BRICKYARD DR,MADERA,CA,93636-9530,559-979-7397,,ping,new,,yes
indie,ON TARGET PERFORMANCE LLC,40405 BRICKYARD DR,MADERA,CA,93636-9530,5597792854,,ping,new,,yes
indie,SUNDAY SWING LLC,1480 MORAGA RD STE D,MORAGA,CA,94556-2005,925-257-2264,,ping,new,,yes
indie,NEWPORT BEACH GOLF SHOP,3100 IRVINE AVE,NEWPORT BEACH,CA,92660-3104,,,ping,new,,yes
indie,Montclair Golf Ent Inc,2477 Monterey Blvd,Oakland,CA,94611-3345,15104820422,,ping,new,,yes
indie,PETE CARLSONS GOLF AND TENNIS SHOP,73 741 HWY 111,PALM DESERT,CA,92260,,,ping,new,,yes
indie,IFIT GOLF,11511 FOLSOM BLVD,RANCHO CORDOVA,CA,95742-6300,,,ping,new,,yes
indie,STADIUM GOLF CENTER,2990 MURPHY CANYON RD,SAN DIEGO,CA,92123-2651,8582776667,,ping,new,,yes
indie,THE SANTALUZ CLUB INC,8170 CAMINITO SANTALUZ E,SAN DIEGO,CA,92127-2577,,,ping,new,,yes
indie,THE GOLF KLUB,3313 STATE ST,SANTA BARBARA,CA,93105-2623,,,ping,new,,yes
indie,BACK 9 GOLF SHOP,9303 THORNTON RD,STOCKTON,CA,95209-1849,209-490-4110,,ping,new,,yes
indie,Haggin Oaks Golf Super Shop,3645 Fulton Ave,Sacramento,CA,95821,+1916-808-2526,https://www.hagginoaks.com/super-shop/?utm_source=google_business_profile&utm_medium=organic&utm_campaign=smbgolf,openseo,new,,yes
indie,FAIRWAY GOLF INC,2431 Pacific Hwy,San Diego,CA,92101-1748,+1619-702-1702,https://fairwaygolfusa.com/,"openseo,ping",new,,yes
indie,FAIRWAY GOLF SHOP,5040 Convoy Street,San Diego,CA,92111-1628,858-268-1702,,ping,new,,yes
indie,Presidio Club Fitting,300 Finley Rd,San Francisco,CA,94129,+1415-561-4661,https://www.presidiogolf.com/,openseo,new,,yes
indie,STANFORD UNIVERSITY,51 Campus Drive,Stanford,CA,94305,6507240944,,ping,new,,yes
indie,VALLEY GOLF,26475 YNEZ RD,TEMECULA,CA,92591-4683,,,ping,new,,yes
indie,PLAZA GOLF SHOP,23715 CRENSHAW BLVD,TORRANCE,CA,90505-5206,,,ping,uncertain,name ~0.80 similar to 'Plaza Golf' same city,
indie,THE GOLF EXCHANGE INC,1860 W CARSON ST,TORRANCE,CA,90501-2849,,,ping,new,,yes
indie,DSG-BRADENTON,4108 14TH ST W,BRADENTON,FL,34205-6008,,,ping,new,,yes
indie,FORE SOME SPORTS LLC,8104 Cortez Road West,BRADENTON,FL,34210-2421,19417942345,,ping,new,,yes
indie,GOLF STUFF,29620 HWY 27,DUNDEE,FL,33838-4289,,,ping,new,,yes
indie,THE GOLF AND CASUAL SHOP,11900 S CLEVELAND AVE,FORT MYERS,FL,33907-2971,239-936-8753,,ping,new,,yes
indie,The Golf Doctor RX,8300 SE Fazio Dr,Hobe Sound,FL,33455,+1772-900-4653,http://thegolfdoctorrx.com/,openseo,new,,yes
indie,Club Masters LLC - Custom Golf Clubs Fitting,750 Northlake Blvd,Lake Park,FL,33403,+1561-622-9445,,openseo,new,,yes
indie,Custom Fit Golf,4754 S Congress Ave,Lake Worth Beach,FL,33461,+1561-629-8723,https://www.customfitgolf.com/,openseo,new,,yes
indie,MOON GOLF,6300 N WICKHAM RD,MELBOURNE,FL,32940-2037,,,ping,new,,yes
indie,Naples Golf Shop,,Naples,FL,,+1239-595-4955,http://www.naplesgolfshop.com/,openseo,new,,yes
indie,Orlando Golf Academy,8701 WORLD CENTER DR,ORLANDO,FL,32821-6358,4072692419,,ping,new,,yes
indie,MOON GOLF,7100 FAIRWAY DR,PALM BEACH GARDENS,FL,33418-3779,,,ping,new,,yes
indie,U S 1 GOLF CENTER INC,4775 SOUTH US HIGHWAY 1,ROCKLEDGE,FL,32955-5416,321-632-5461,,ping,new,,yes
indie,NXGEN GOLF,8250 BEE RIDGE RD,SARASOTA,FL,34241-6311,941.278.1170,,ping,new,,yes
indie,GOLF TRADER,8085 W MCNAB RD,TAMARAC,FL,33321-3254,,,ping,new,,yes
indie,GOLF CENTRAL,2690 W TORCH LAKE DR,THE VILLAGES,FL,32163-2003,,,ping,new,,yes
indie,THE VILLAGES Custom Club Shop,133 Moyer Loop,The Villages,FL,32163,3522592080,,ping,new,,yes
indie,VENICE GOLF CENTER INC,2371 E VENICE AVE,VENICE,FL,34292-2465,9414977910,,ping,new,,yes
indie,1 Stop Golf Shop,3321 Lithia Pinecrest Rd,Valrico,FL,33596,+1813-655-0355,https://1stopgolfshopfl.com/,openseo,new,,yes
indie,STROKE SAVERS AT STEEL CANYON GC,460 MORGAN FALLS RD,ATLANTA,GA,30350-5800,,,ping,new,,yes
indie,Five Iron Golf,675 W Peachtree St NE Ste 209,Atlanta,GA,30308,+1800-513-5153,https://fiveirongolf.com/locations/atlanta-midtown/?utm_source=local&utm_medium=organic&utm_campaign=ga&utm_content=atlanta,openseo,new,,yes
indie,MadMax Golf LLC,2026 Bloomingdale St,Augusta,GA,30906,,,openseo,new,,yes
indie,OAK MOUNTAIN CHAMPIONSHIP GC LLC,409 BIRKDALE BLVD,CARROLLTON,GA,30116-6069,770-834-7065 ext 12,,ping,new,,yes
indie,Golf Performance Lab @ HSHS,1225 Broadrick Drive,DALTON,GA,30720-2504,770-655-8757,,ping,new,,yes
indie,DSG-KENNESAW,667 ERNEST W BARRETT PKWY NW,KENNESAW,GA,30144-4977,,,ping,new,,yes
indie,GOLF FORE LESS INC,160 SHORTER AVE NW,ROME,GA,30165-2455,(706) 252-0664,,ping,new,,yes
indie,GOLF FORE LESS,160 Shorter Avenue Northwest,Rome,GA,30165-2455,706-802-0042,,ping,new,,yes
indie,Rwk golf,1501 Windy Hill Rd SE,Smyrna,GA,30080,+1470-345-8414,,openseo,new,,yes
indie,CURRAHEE CLUB,1 CURRAHEE CLUB DR,TOCCOA,GA,30577-9657,7068271000,,ping,new,,yes
indie,GOTHAM GOLFTRAIN ACADEMY,1 CURRAHEE CLUB DR,TOCCOA,GA,30577-9657,706-436-6096,,ping,new,,yes
indie,THE RANGE AT LEON SPRINGS,26254 I10 W STE 500,BOERNE,TX,78006,,,ping,new,,yes
indie,5U GOLF CENTER LLC,5945 College Street,Beaumont,TX,77707,4092320205,,ping,new,,yes
indie,Mac Wylie Golf Center,26254 Interstate 10 West Frontage Road,Boerne,TX,78006,+1210-698-2244,https://www.macwyliegolf.com/,openseo,new,,yes
indie,THE CADDIE GOLF SHOP LLC,1853 Briarcrest Drive,Bryan,TX,77802-3453,979-776-4653,,ping,new,,yes
indie,THE GOLF CENTER,2538 GOLDEN BEAR DR,CARROLLTON,TX,75006-2309,,,ping,new,,yes
indie,SHORT GAME LLC,2205 FM 471,CASTROVILLE,TX,78009,,,ping,new,,yes
indie,AXIS GOLF ACADEMY & FITTING CTR,12205 FRY RD,CYPRESS,TX,77433-3315,281-217-6704,,ping,new,,yes
indie,NORTHWOOD CLUB,6524 ALPHA RD,DALLAS,TX,75240-3541,,,ping,new,,yes
indie,SELLINGERS POWER GOLF LP,4950 Belt Line Road,Dallas,TX,75254,(972) 788-2525,,ping,new,,yes
indie,GOLF PERFORMANCE GROUP,4554 FM 2351 RD,FRIENDSWOOD,TX,77546-2820,7135869569,,ping,new,,yes
indie,THE GOLF RANCH,610 N AUSTIN AVE,GEORGETOWN,TX,78626-4210,512-863-4573,,ping,new,,yes
indie,GRANBURY GOLF ETC INC,2461 E US HIGHWAY 377,GRANBURY,TX,76049-5923,,,ping,new,,yes
indie,TOTAL GOLF PERFORMANCE  of Texas,18632 BANDERA RD,HELOTES,TX,78023-2800,2108634653,,ping,new,,yes
indie,MARTI GOLF CENTER,12782 BEECHNUT ST,HOUSTON,TX,77072-3819,281-568-5297,,ping,new,,yes
indie,DR GOLF LLC,20040 HIGHWAY 59 N,HUMBLE,TX,77338-2430,,,ping,new,,yes
indie,MEADOWBROOK FARMS LP,23230 MEADOWBROOK FARMS CLUB DR,KATY,TX,77494-6580,281-693-4653,,ping,new,,yes
indie,WOOD HOLLOW RANGE PRO SHOP,5200 MCCANN RD,LONGVIEW,TX,75605-2926,903-663-0036,,ping,new,,yes
indie,GOLF USA,6701 INDIANA AVE,LUBBOCK,TX,79413-6131,,,ping,new,,yes
indie,STRIPE SHOW CLUB FITTERS,5020 50TH ST STE 115,LUBBOCK,TX,79414-3429,8062528347,,ping,new,,yes
indie,KILLER'S GOLF LLC,400 W NOLANA AVE STE A3,MCALLEN,TX,78504-3040,9564764653,,ping,new,,yes
indie,THE COURSES AT WATTERS CREEK,7201 CHASE OAKS BLVD,PLANO,TX,75025-5902,972-517-3688,,ping,new,,yes
indie,MK GOLF TECHNOLOGIES,10412 GULFDALE ST,SAN ANTONIO,TX,78216-4129,,,ping,new,,yes
indie,SUMMIT GOLF SCHOOL LLC,18 Augusta Pines Drive,Spring,TX,77389-3590,281-516-1002,,ping,new,,yes
indie,Summit Golf School LLC,19393 Champion Forest Drive,Spring,TX,77379-8519,832-639-8111,,ping,new,,yes
indie,GARY PLAYER GOLF - THE REFINERY,8900 STERLING RIDGE DR,THE WOODLANDS,TX,77382-2748,,,ping,new,,yes
indie,DSG-WACO,6001 W WACE DR UNIT 316,WACO,TX,76710,,,ping,new,,yes
indie,"DSG - Store 1338 - Waco, TX",6001 West Waco Drive,Waco,TX,76710-6306,254-523-3510,,ping,new,,yes
