name,address,city,state_code,zip,phone,website,sources,verdict,reason,approved
Cool Clubs,13100 Sunridge Drive,Fountain Hills,AZ,85268-3400,,,ping,new,,yes
Club Champion,20022 North 67th Avenue,Glendale,AZ,85308-4623,,,ping,new,,yes
GolfTEC Biltmore,3136 E INDIAN SCHOOL RD,PHOENIX,AZ,85016-6808,,,ping,new,,yes
True Spec Golf - Phoenix,3636 East Baseline Road,Phoenix,AZ,85042-7214,,,ping,new,,yes
Cool Clubs,7267 E ADOBE DR,SCOTTSDALE,AZ,85255-4032,,,ping,new,,yes
GolfTEC N-Scottsdale,23417 N PIMA RD,SCOTTSDALE,AZ,85255-8382,,,ping,new,,yes
GolfTEC Shea Scottsdale,7342 E SHEA BLVD,SCOTTSDALE,AZ,85260-6467,,,ping,new,,yes
Club Champion,9015 East Vía Linda,Scottsdale,AZ,85258-5410,,,ping,new,,yes
True Spec Golf - Scottsdale,17025 North Scottsdale Road,Scottsdale,AZ,85255-5881,,,ping,new,,yes
True Spec Golf - Scottsdale East,9998 Talking Stick Way,Scottsdale,AZ,85250-1201,,,ping,new,,yes
GolfTEC Tempe,2010 E RIO SALADO PKWY STE 118,TEMPE,AZ,85281-5182,,,ping,new,,yes
GolfTEC Tucson,3122 N CAMPBELL AVE,TUCSON,AZ,85719-2302,,,ping,new,,yes
Club Champion,635 West Ina Road,Tucson,AZ,85704-4435,,,ping,new,,yes
Club Champion,28631 Canwood Street,Agoura Hills,CA,91301,(818) 865-4991,,ping,new,,yes
True Spec Golf - Beverly Hills,9658 Wilshire Boulevard,Beverly Hills,CA,90212-2326,,,ping,new,,yes
Club Champion,3480 Blackhawk Plaza Circle,Blackhawk,CA,94506,,,ping,new,,yes
Club Champion,284 Dupont Street,Corona,CA,92879-6029,,,ping,new,,yes
Club Champion,2710 Via De La Valle,Del Mar,CA,92014-1917,,,ping,new,,yes
GolfTEC Folsom,2795 E BIDWELL RD,FOLSOM,CA,95630,,,ping,new,,yes
GolfTEC Foster City,1031 E HILLSDALE BLVD,FOSTER CITY,CA,94404-1611,,,ping,new,,yes
Cool Clubs,2401 East 3rd Avenue,Foster City,CA,94404,,,ping,new,,yes
GolfTEC Huntington Beach,15811 GRAHAM ST,HUNTINGTON BEACH,CA,92649-1723,,,ping,new,,yes
GolfTEC La Quinta #341,80150 US HIGHWAY 111 STE A-2,INDIO,CA,92201-8360,,,ping,new,,yes
GolfTEC Irvine,18021 SKY PARK CIR BLDG 68,IRVINE,CA,92614-6523,,,ping,new,,yes
Cool Clubs,1 Golf Club Drive,Irvine,CA,92618,,,ping,new,,yes
GolfTEC West La,3130 S SEPULVEDA BLVD STE C,LOS ANGELES,CA,90034-4214,,,ping,new,,yes
GolfTEC Mission Viejo,28892 MARGUERITE PKWY,MISSION VIEJO,CA,92692-3816,,,ping,new,,yes
Club Champion,3601 Jamboree Road,Newport Beach,CA,92660,,,ping,new,,yes
GolfTEC Oxnard,2100 OUTLET CENTER DR,OXNARD,CA,93036-0612,,,ping,new,,yes
GolfTEC Pasedena,2245 E COLORADO BLVD,PASADENA,CA,91107-6829,,,ping,new,,yes
GolfTEC Pleasanton,4247 ROSEWOOD DR #16,PLEASANTON,CA,94588,,,ping,new,,yes
Club Champion,72306 California 111,Palm Desert,CA,92260,,,ping,new,,yes
True Spec Golf - Palm Desert,9002 Shadow Ridge Road,Palm Desert,CA,92211,,,ping,new,,yes
Club Champion,1232 Galleria Boulevard,Roseville,CA,95678-1950,,,ping,new,,yes
GolfTEC Mission Valley #110,7510 HAZARD CENTER DR STE 417,SAN DIEGO,CA,92108-4525,,,ping,new,,yes
GolfTEC Santa Monica,918 COLORADO AVE,SANTA MONICA,CA,90401-2717,,,ping,new,,yes
GolfTEC Studio City,12741 1/2 VENTURA BLVD,STUDIO CITY,CA,91604,,,ping,new,,yes
Club Champion,1123 Industrial Road,San Carlos,CA,94070-4106,,,ping,new,,yes
True Spec Golf - San Diego,5200 Grand Del Mar Way,San Diego,CA,92130,,,ping,new,,yes
Club Champion,5021 Almaden Expressway,San Jose,CA,95118,,,ping,new,,yes
Club Champion,2929 Santa Monica Boulevard,Santa Monica,CA,90404-2413,,,ping,new,,yes
GolfTEC South Bay,22750 HAWTHORNE BLVD 101B,TORRANCE,CA,90505,,,ping,new,,yes
GolfTEC Woodland Hills,21015 OXNARD ST,WOODLAND HILLS,CA,91367,,,ping,new,,yes
True Spec Golf - Tampa Bay,1501 Indian Rocks Road,Belleair,FL,33756,,,ping,new,,yes
GOLFTEC Boca Raton,7134 Beracasa Way,Boca Raton,FL,33433-3448,561 483 4180,,ping,new,,yes
True Spec Golf - Naples,24850 Old 41 Road,Bonita Springs,FL,34135-7021,,,ping,new,,yes
Club Champion,5275 University Parkway,Bradenton,FL,34201,,,ping,new,,yes
Club Champion,2486 West Brandon Boulevard,Brandon,FL,33511,,,ping,new,,yes
GolfTEC Clearwater Mall,23894 US HIGHWAY 19 N,CLEARWATER,FL,33765-1527,,,ping,new,,yes
Club Champion,14917 Lyons Road,Delray Beach,FL,33446,,,ping,new,,yes
True Spec Golf - Doral,4400 Northwest 87th Avenue,Doral,FL,33178,,,ping,new,,yes
GolfTEC Ft Myers,14261 S TAMIAMI TRL,FORT MYERS,FL,33912-1912,,,ping,new,,yes
GolfTEC Jacksonville,4372 SOUTHSIDE BLVD STE 306,JACKSONVILLE,FL,32216-8501,,,ping,new,,yes
Club Champion,13529 Beach Boulevard,Jacksonville,FL,32224,,,ping,new,,yes
True Spec Golf - Ponte Vedra,14797 Philips Highway,Jacksonville,FL,32256-3746,,,ping,new,,yes
Club Champion,901 West Indiantown Road,Jupiter,FL,33458,,,ping,new,,yes
ClubCraft Custom Golf Club Fitting,2885 Jupiter Park Dr #200,Jupiter,FL,33458,+1561-401-9185,https://clubcraft.com/,openseo,new,,yes
True Spec Golf - Jupiter,115 Eagle Trace Court,Jupiter,FL,33477,,,ping,new,,yes
GolfTEC Sarasota,6249 LAKE OSPREY DR,LAKEWOOD RANCH,FL,34240-8433,,,ping,new,,yes
Club Champion,8960 Southwest 72nd Street,Miami,FL,33173,,,ping,new,,yes
GOLFTEC North Miami Beach,14761 Biscayne Boulevard,Miami,FL,33181,786 891 4779,,ping,new,,yes
True Spec Golf - Naples Grande,7335 Premier Drive,Naples,FL,34105-7276,,,ping,new,,yes
GolfTEC Millenia,4201 VINELAND RD STE I10,ORLANDO,FL,32811-7486,,,ping,new,,yes
Club Champion,7720 Turkey Lake Road,Orlando,FL,32819-5224,,,ping,new,,yes
GOLFTEC Lake Nona,9985 Tagore Place,Orlando,FL,32827-7704,321 346 4511,,ping,new,,yes
True Spec Golf - Orlando,12001 Avenue Verde,Orlando,FL,32821-7071,,,ping,new,,yes
GolfTEC St Petersburg,8808 4TH ST N,ST PETERSBURG,FL,33702,,,ping,new,,yes
Club Champion,1481 WP Ball Boulevard,Sanford,FL,32771,,,ping,new,,yes
GolfTEC Westshore,4142 W BOY SCOUT BLVD,TAMPA,FL,33607-5714,,,ping,new,,yes
GOLFTEC New Tampa,18047 Highwoods Preserve Parkway,Tampa,FL,33647,813 608 0283,,ping,new,,yes
Club Champion,363 Colony Boulevard,The Villages,FL,32162,,,ping,new,,yes
Cool Clubs,16301 Phil Ritson Way,Winter Garden,FL,34787-6200,,,ping,new,,yes
GolfTEC Buckhead Station,3145 PEACHTREE RD NE,ATLANTA,GA,30305-1800,,,ping,new,,yes
GOLFTEC Midtown Atlanta,699 Spring Street Northwest,Atlanta,GA,30308-1977,470 298 7091,,ping,new,,yes
True Spec Golf - Atlanta,3050 Peachtree Road Northwest,Atlanta,GA,30305,,,ping,new,,yes
Club Champion,3310 Buford Drive,Buford,GA,30519-8701,,,ping,new,,yes
Cool Clubs,1310 Joe Frank Harris Parkway Southeast,Cartersville,GA,30120-4221,,,ping,new,,yes
True Spec Golf - North Georgia,1310 Joe Frank Harris Parkway Southeast,Cartersville,GA,30120-4221,,,ping,new,,yes
GolfTEC Roswell,6329 ROSWELL RD,SANDY SPRINGS,GA,30328-3225,,,ping,new,,yes
GolfTEC Fox Creek,1501 WINDY HILL RD SE,SMYRNA,GA,30080-2179,,,ping,new,,yes
Club Champion,6690 Roswell Road,Sandy Springs,GA,30328,,,ping,new,,yes
GOLFTEC Allen,977 State Highway 121,Allen,TX,75013-2245,469 663 0015,,ping,new,,yes
Club Champion,3801 North Capital of Texas Highway,Austin,TX,78746,(512) 953-5900,,ping,new,,yes
GOLFTEC College Station,1505 University Drive East,College Station,TX,77840-2672,979 426 0997,,ping,new,,yes
GolfTEC North Dallas,5290 BELT LINE RD,DALLAS,TX,75254-7512,,,ping,new,,yes
GolfTEC Park Cities,5400 E MOCKINGBIRD LN,DALLAS,TX,75206-5300,,,ping,new,,yes
Club Champion,5331 East Mockingbird Lane,Dallas,TX,75206,,,ping,new,,yes
GolfTEC,641 N RESLER DR,EL PASO,TX,79912-2385,915-308-0880,,ping,new,,yes
GolfTEC Fort Worth,2600 W 7TH ST,FORT WORTH,TX,76107-9321,,,ping,new,,yes
GolfTEC Baybrook,19074 GULF FWY,FRIENDSWOOD,TX,77546-2703,,,ping,new,,yes
Club Champion,4601 West Freeway,Fort Worth,TX,76107,,,ping,new,,yes
Cool Clubs,6363 Dallas Parkway,Frisco,TX,75034-9682,,,ping,new,,yes
GolfTEC Houston Galleria,5000 WESTHEIMER RD,HOUSTON,TX,77056-5617,,,ping,new,,yes
GolfTEC Houston Heights,2799 KATY FWY,HOUSTON,TX,77007,,,ping,new,,yes
GolfTEC Memorial City,10403 KATY FWY,HOUSTON,TX,77024-1184,,,ping,new,,yes
GolfTEC Upper Kirby,5110 BUFFALO SPEEDWAY,HOUSTON,TX,77005-4220,,,ping,new,,yes
Club Champion,10321 Katy Freeway,Houston,TX,77024-1107,,,ping,new,,yes
GOLFTEC Cypress,27002 Northwest Freeway,Houston,TX,77433,346 666 7005,,ping,new,,yes
GolfTEC Las Colinas,114 E JOHN CARPENTER FWY,IRVING,TX,75062-3539,,,ping,new,,yes
True Spec Golf - Dallas-Fort Worth,4030 North MacArthur Boulevard,Irving,TX,75038,,,ping,new,,yes
GolfTEC Plano,340 COIT RD,PLANO,TX,75075-5882,,,ping,new,,yes
Club Champion,4701 West Park Boulevard,Plano,TX,75093-2326,,,ping,new,,yes
GolfTEC Southlake,2757 E SOUTHLAKE BLVD,SOUTHLAKE,TX,76092,,,ping,new,,yes
Club Champion,340 East Basse Road,San Antonio,TX,78209,,,ping,new,,yes
Club Champion,19075 Interstate 45,Shenandoah,TX,77385-8705,,,ping,new,,yes
GolfTEC Sugar Land,16560 Southwest Freeway,Sugar Land,TX,77479,,,ping,new,,yes
Cool Clubs,699 Lady of The Lake Boulevard,The Colony,TX,75056,,,ping,new,,yes
Golf Galaxy - Chandler,880 N 54TH ST,CHANDLER,AZ,85226-1504,,,ping,new,,yes
PGA Tour Superstore Chandler,2031 N ARIZONA AVE,CHANDLER,AZ,85225-3409,,,ping,new,,yes
PGA Tour Superstore Glendale,7360 W BELL RD,GLENDALE,AZ,85308-8526,,,ping,new,,yes
Golf Galaxy - Glendale,7765 W BELL RD,PEORIA,AZ,85382-3804,,,ping,new,,yes
PGA Tour Superstore N. Scottsdale,7000 E MAYO BLVD,PHOENIX,AZ,85054-6158,602-777-6380,,ping,new,,yes
2nd Swing Scottsdale South,9130 TALKING STICK WAY,SCOTTSDALE,AZ,85250,,,ping,new,,yes
PGA TOUR Superstore - Shea Scottsdale,8740 E SHEA BLVD,SCOTTSDALE,AZ,85260-6625,480-214-4350,,ping,new,,yes
PGA Tour Superstore Tucson,4215 N ORACLE RD,TUCSON,AZ,85705-1631,,,ping,new,,yes
Roger Dunn - Canoga Park,21603 VICTORY BLVD,CANOGA PARK,CA,91303,,,ping,new,,yes
Golf Mart - Carlsbad,2711 HAYMAR DR,CARLSBAD,CA,92008-1260,,,ping,new,,yes
Golf Mart - Del Mar,15555 JIMMY DURANTE BLVD,DEL MAR,CA,92014-1901,,,ping,new,,yes
Golf Galaxy - Dublin,2820 DUBLIN BLVD,DUBLIN,CA,94568-4589,,,ping,new,,yes
Golf Mart - Dublin,6694 AMADOR PLAZA RD,DUBLIN,CA,94568-2996,,,ping,new,,yes
PGA Tour Superstore East Palo Alto,1751 E BAYSHORE RD,EAST PALO ALTO,CA,94303-2523,,,ping,new,,yes
Golf Mart - Encinitas,1441 ENCINITAS BLVD. #110,ENCINITAS,CA,92024,,,ping,new,,yes
Golf Mart - Escondido,1066 W VALLEY PKWY,ESCONDIDO,CA,92025-2559,,,ping,new,,yes
Roger Dunn Golf Fresno,5618 N BLACKSTONE AVE,FRESNO,CA,93710-5004,559-436-0464,,ping,new,,yes
Roger Dunn - Indio,80555 US HIGHWAY 111,INDIO,CA,92201-6532,,,ping,new,,yes
PGA Tour Superstore Irvine,107 TECHNOLOGY DR,IRVINE,CA,92618-2408,,,ping,new,,yes
Roger Dunn - West Los Angeles,1801 S BUNDY DR,LOS ANGELES,CA,90025-5201,,,ping,new,,yes
Roger Dunn - Mission Viejo,28191 MARGUERITE PKWY,MISSION VIEJO,CA,92692-3735,,,ping,new,,yes
Roger Dunn - Newbury Park,2812 CAMINO DOS RIOS,NEWBURY PARK,CA,91320,,,ping,new,,yes
Roger Dunn - North Hollywood,5445 LANKERSHIM BLVD,NORTH HOLLYWOOD,CA,91601-2723,818-763-3622,,ping,new,,yes
PGA Tour Superstore Palm Desert,72280 HIGHWAY 111,PALM DESERT,CA,92260-2743,,,ping,new,,yes
Golf Galaxy - Pasadena,3635 E FOOTHILL BLVD,PASADENA,CA,91107-3121,,,ping,new,,yes
Golf Galaxy - Pleasant Hill,120 CRESCENT DR,PLEASANT HILL,CA,94523-5502,,,ping,new,,yes
Roger Dunn - Rancho Cucamonga,11849 FOOTHILL BLVD,RANCHO CUCAMONGA,CA,91730-3931,9099487959,,ping,new,,yes
Roger Dunn - Riverside,10031A INDIANA AVE,RIVERSIDE,CA,92503-9300,,,ping,new,,yes
Golf Galaxy - Sacramento,5771 FIVE STAR BLVD,ROSEVILLE,CA,95678-3456,,,ping,new,,yes
Golf Mart - San Diego,1231 CAMINO DEL RIO S,SAN DIEGO,CA,92108-3584,,,ping,new,,yes
Golf Galaxy - San Jose,4070 STEVENS CREEK BLVD,SAN JOSE,CA,95129-1334,,,ping,new,,yes
Golf Mart - San Rafael,530 FRANCISCO BLVD W,SAN RAFAEL,CA,94901-3963,,,ping,new,,yes
Roger Dunn - Santa Ana,1421 VILLAGE WAY,SANTA ANA,CA,92705-4714,,,ping,new,,yes
Golf Mart - Santa Rosa (rohnert),2768 SANTA ROSA AVE,SANTA ROSA,CA,95407-6220,,,ping,new,,yes
Roger Dunn - Seal Beach,13958 SEAL BEACH BLVD,SEAL BEACH,CA,90740-5301,,,ping,new,,yes
Golf Mart - Seaside,2040 FREMONT BLVD,SEASIDE,CA,93955-3104,831-583-1000,,ping,new,,yes
Golf Mart - South San Francisco,470A NOOR AVE,SOUTH SAN FRANCISCO,CA,94080-5957,650-583-4653,,ping,new,,yes
Golf Galaxy,4070 Stevens Creek Blvd,San Jose,CA,95129,+1408-615-7000,https://stores.golfgalaxy.com/ca/san-jose/3202/?seo=localpack,openseo,new,,yes
Golf Galaxy - Upland,1221 E 19TH ST,UPLAND,CA,91784-9285,,,ping,new,,yes
Roger Dunn Golf Visalia,1813 West Caldwell Avenue,Visalia,CA,93277-8003,5597341385,,ping,new,,yes
Golf Mart - Walnut Creek,1299 PARKSIDE DR,WALNUT CREEK,CA,94596-3693,,,ping,new,,yes
PGA Tour Superstore Altamonte Sprin,375 E ALTAMONTE DR,ALTAMONTE SPRINGS,FL,32701-4400,,,ping,new,,yes
Edwin Watts - Boca Raton,20655 Lyons Road,Boca Raton,FL,33434-3947,561-717-8432,,ping,new,,yes
Golf Galaxy - Clearwater,2753 GULF TO BAY BLVD,CLEARWATER,FL,33759-3945,,,ping,new,,yes
PGA Tour Superstore Delray Beach,1040 LINTON BLVD,DELRAY BEACH,FL,33444-1104,,,ping,new,,yes
Edwin Watts - Destin,36074 EMERALD COAST PKWY,DESTIN,FL,32541-5719,8506540363,,ping,new,,yes
Edwin Watts - Doral,8484 NW 36TH ST,DORAL,FL,33166-6618,(305)591-1220,,ping,new,,yes
Edwin Watts - Ft Myers,11120 S CLEVELAND AVE,FORT MYERS,FL,33907-2352,,,ping,new,,yes
Golf Galaxy - Fort Myers,10091 GULF CENTER DR,FORT MYERS,FL,33913-8963,,,ping,new,,yes
Edwin Watts - Jacksonville,9365 PHILIPS HWY,JACKSONVILLE,FL,32256-1360,,,ping,new,,yes
PGA Tour Superstore Jacksonville,SUITE 300 4906 TOWN CENTER PKWY,JACKSONVILLE,FL,32246,,,ping,new,,yes
Edwin Watts - Jacksonville Beach,4082 3RD ST S,JAX BCH,FL,32250-5848,,,ping,new,,yes
Edwin Watts - Lady Lake,676 N US-441,LADY LAKE,FL,32159-3777,,,ping,new,,yes
Golf Galaxy - Lutz,17649 N DALE MABRY HWY,LUTZ,FL,33548-4535,,,ping,new,,yes
Golf Galaxy - Naples,6428 HOLLYWOOD BLVD,NAPLES,FL,34109-2038,,,ping,new,,yes
PGA Tour Superstore Naples,2135 TAMIAMI TRL N,NAPLES,FL,34102-4820,,,ping,new,,yes
Edwin Watts - N Miami Beach,15999 BISCAYNE BLVD,NORTH MIAMI BEACH,FL,33160-4605,,,ping,new,,yes
Edwin Watts - Orlando,7501 TURKEY LAKE RD,ORLANDO,FL,32819-5223,,,ping,new,,yes
Golf Galaxy - Turkey Lake,8055 TURKEY LAKE RD,ORLANDO,FL,32819-7382,,,ping,new,,yes
PGA Tour Superstore Orlando,7603 TURKEY LAKE RD,ORLANDO,FL,32819-5313,,,ping,new,,yes
Edwin Watts - Palm Beach Gardens,3889 NORTHLAKE BLVD,PALM BEACH GARDENS,FL,33403-1509,,,ping,new,,yes
PGA Tour Superstore Pbg,3198 PGA BLVD,PALM BEACH GARDENS,FL,33410-2802,,,ping,new,,yes
Edwin Watts - Palm Harbor,32257 US HIGHWAY 19 N,PALM HARBOR,FL,34684-3708,,,ping,new,,yes
Golf Galaxy - Pembroke Crossing,11810 PINES BLVD,PEMBROKE PINES,FL,33026-4123,,,ping,new,,yes
Edwin Watts - Pensacola,5717 N DAVIS HWY,PENSACOLA,FL,32503,850-477-0519,,ping,new,,yes
PGA Tour Superstore Ft Lauderdale,8101 W BROWARD BLVD,PLANTATION,FL,33324-2011,,,ping,new,,yes
Edwin Watts - Pompano Beach,435 S FEDERAL HWY,POMPANO BEACH,FL,33062-5901,,,ping,new,,yes
Golf Galaxy - Sarasota,143 N CATTLEMEN RD,SARASOTA,FL,34243-4700,,,ping,new,,yes
Edwin Watts - Tallahassee,2423 CAPITAL CIR NE,TALLAHASSEE,FL,32308-4101,,,ping,new,,yes
Edwin Watts - Tampa,11921 N DALE MABRY HWY,TAMPA,FL,33618-3512,,,ping,new,,yes
Edwin Watts - Tampa #15,11921 N DALE MABRY HWY,TAMPA,FL,33618-3512,813-960-5330,,ping,new,,yes
PGA Tour Superstore Tampa,13210 N DALE MABRY HWY,TAMPA,FL,336158,,,ping,new,,yes
Edwin Watts - Villages,3503 WEDGEWOOD LN,THE VILLAGES,FL,32162-7187,,,ping,new,,yes
PGA Tour Superstore Sarasota,8563 COOPER CREEK BLVD,UNIVERSITY PARK,FL,34201,,,ping,new,,yes
Edwin Watts - Atlanta,3150 PIEDMONT RD NE,ATLANTA,GA,30305-3335,,,ping,new,,yes
Golf Galaxy - Atlanta,2860 CUMBERLAND MALL SE,ATLANTA,GA,30339-4442,,,ping,new,,yes
Edwin Watts - Martinez,592 Bobby Jones Expressway,Augusta,GA,30907,,,ping,new,,yes
PGA Tour Superstore Kennesaw,2911 GEORGE BUSBEE PKWY NW,KENNESAW,GA,30144-6909,,,ping,new,,yes
PGA Tour Superstore Sugarloaf,2255 NEWPOINT PKWY,LAWRENCEVILLE,GA,30043-5509,,,ping,new,,yes
PGA Tour Superstore Roswell,1005 HOLCOMB WOODS PKWY,ROSWELL,GA,30076-2738,,,ping,new,,yes
Edwin Watts - Savannah,7700 ABERCORN ST STE 4,SAVANNAH,GA,31406-2459,,,ping,new,,yes
Edwin Watts - St Simons Island,230 RETREAT VLG,ST SIMONS ISLAND,GA,31522-2403,,,ping,new,,yes
Golf Headquarters,6028 BELL ST,AMARILLO,TX,79109-6619,,,ping,new,,yes
Golf Galaxy - Dallas-Arlington,1001 W INTERSTATE 20,ARLINGTON,TX,76017-5855,,,ping,new,,yes
PGA Tour Superstore Arlington,4652 S COOPER ST,ARLINGTON,TX,76017-5826,,,ping,new,,yes
Golf Galaxy - Austin Aroboretum,10001 RESEARCH BLVD,AUSTIN,TX,78759-5689,,,ping,new,,yes
Golf Galaxy,1001 W Interstate 20,Arlington,TX,76017,+1817-557-5077,https://stores.golfgalaxy.com/tx/arlington/3221/?seo=localpack,openseo,new,,yes
Golf Galaxy,10001 Research Blvd,Austin,TX,78759,+1512-502-9231,https://stores.golfgalaxy.com/tx/austin/3201/?seo=localpack,openseo,new,,yes
PGA Tour Superstore Austin,10515 North Mopac Expressway,Austin,TX,78758,,,ping,new,,yes
Edwin Watts - Corpus Christi,4526 S PADRE ISLAND DR,CORPUS CHRISTI,TX,78411-4412,(361) 852-0358,,ping,new,,yes
Golf Galaxy - Northpark,9358 N CENTRAL EXPY,DALLAS,TX,75231-5010,,,ping,new,,yes
Golf Galaxy - Baybrook,18650 GULF FWY,FRIENDSWOOD,TX,77546-2717,,,ping,new,,yes
2nd Swing PGA Coaching Center,3255 PGA Parkway,Frisco,TX,75033,469-701-1775,,ping,new,,yes
Golf Galaxy - Grapevine,2100 W NORTHWEST HWY,GRAPEVINE,TX,76051-7808,,,ping,new,,yes
Edwin Watts - Houston,5395 WESTHEIMER RD,HOUSTON,TX,77056-5402,(713) 627-2411,,ping,new,,yes
Golf Galaxy - Galleria,5078 RICHMOND AVE,HOUSTON,TX,77056-7402,,,ping,new,,yes
PGA Tour Superstore Houston,5721 WESTHEIMER ROAD,HOUSTON,TX,77057,,,ping,new,,yes
Golf Galaxy,5078 Richmond Ave,Houston,TX,77056,+1832-203-1518,https://stores.golfgalaxy.com/tx/houston/3045/?seo=localpack,openseo,new,,yes
Golf Galaxy - Katy,24600 KATY FWY,KATY,TX,77494-7805,,,ping,new,,yes
PGA Tour Superstore Katy,24743 KATY FWY,KATY,TX,77494-3261,,,ping,new,,yes
Golf Headquarters Lubbock,10609 SLIDE RD,LUBBOCK,TX,79424-6970,,,ping,new,,yes
Golf Headquarters,2224 N 10TH ST,MCALLEN,TX,78501-4002,,,ping,new,,yes
Golf Headquarters,4610 N GARFIELD ST,MIDLAND,TX,79705-2651,,,ping,new,,yes
PGA Tour Superstore Plano (accent),600 ACCENT DR,PLANO,TX,75075-8962,,,ping,new,,yes
PGA Tour Superstore Plano (preston),8700 PRESTON RD,PLANO,TX,75024-3324,,,ping,new,,yes
Edwin Watts - San Antonio,1050 NE LOOP 410,SAN ANTONIO,TX,78209-1201,(210) 822-4060,,ping,new,,yes
Golf Galaxy - San Antonio,1211 N LOOP 1604 W,SAN ANTONIO,TX,78258-4596,,,ping,new,,yes
PGA Tour Superstore Woodlands,19075 INTERSTATE 45 S,SHENANDOAH,TX,77385-8705,,,ping,new,,yes
PGA Tour Superstore Southlake,2241 E SOUTHLAKE BLVD,SOUTH LAKE,TX,76092-6852,,,ping,new,,yes
Golf Galaxy - The Woodlands,25415 IH 45 N,SPRING,TX,77380-3648,,,ping,new,,yes
Golf Galaxy,1211 N Loop 1604 W,San Antonio,TX,78258,+1210-764-1015,https://stores.golfgalaxy.com/tx/san-antonio/3222/?seo=localpack,openseo,new,,yes
PGA Tour Superstore San Antonio,18450 Blanco Road,San Antonio,TX,78258-4052,,,ping,new,,yes
Golf Galaxy,25415 I-45 Ste B,Spring,TX,77380,+1281-292-2288,https://stores.golfgalaxy.com/tx/spring/3229/?seo=localpack,openseo,new,,yes
2nd Swing Dallas,4711 STATE HIGHWAY 121 STE 200,THE COLONY,TX,75056-2914,,,ping,new,,yes
Edwin Watts - Tyler,410 W SOUTHWEST LOOP 323,TYLER,TX,75701-9404,(903) 561-8851,,ping,new,,yes
Vans Pro Shop-Avondale,12247 W INDIAN SCHOOL RD,AVONDALE,AZ,85392-5646,(623)935-9351,,ping,new,,yes
Hornacek's Golf Chandler LLC,4975 S ALMA SCHOOL RD,CHANDLER,AZ,85248-5500,,,ping,new,,yes
Vans - Gilbert,2716 S MARKET ST,GILBERT,AZ,85295-1384,,,ping,new,,yes
Superstition Mountain Golf,8000 E CLUB VILLAGE DR,GOLD CANYON,AZ,85118-1801,,,ping,new,,yes
Golf Guru,5540 E BROADWAY RD,MESA,AZ,85206,4806603830,,ping,new,,yes
Vans - East Mesa (apache),801 S POWER RD,MESA,AZ,85206-5246,,,ping,new,,yes
Maria Przymierski GA,2401 South Lansing,Mesa,AZ,85209-1155,5204009457,,ping,new,,yes
The Rim Club,300 S CLUB HOUSE,PAYSON,AZ,85541-5861,,,ping,new,,yes
Vans - Phoenix (camelback),3217 E CAMELBACK RD,PHOENIX,AZ,85018-2307,6029570001,,ping,new,,yes
Hornacek's House Of Golf,23587 N SCOTTSDALE RD STE C4,SCOTTSDALE,AZ,85255-3470,,,ping,new,,yes
Hornacek's Golf - Scottsdale,23587 N SCOTTSDALE RD STE C4,SCOTTSDALE,AZ,85255,,,ping,new,,yes
Vans - North Scottsdale,8720 E FRANK LLOYD WRIGHT BLVD,SCOTTSDALE,AZ,85260-1926,,,ping,new,,yes
Vans - Sun City,10001 W BELL RD,SUN CITY,AZ,85351-1297,,,ping,new,,yes
Reid West Golf Academies,12805 W BEARDSLEY RD,SUN CITY WEST,AZ,85375-3300,6236874333,,ping,new,,yes
Putting World,16259 North Scottsdale Road,Scottsdale,AZ,85254-1587,,,ping,new,,yes
Vans - Tucson (crossroads),4861 E. GRANT RD. #161,TUCSON,AZ,85712-2768,,,ping,new,,yes
Vans - Tucson (oracle),4230 N ORACLE RD,TUCSON,AZ,85705-1767,,,ping,new,,yes
Randolph Golf Complex,600 South Alvernon Way,Tucson,AZ,85711,5207914161,,ping,new,,yes
Ancil Hoffman Golf Shop,6700 TARSHES DR,CARMICHAEL,CA,95608-5325,916-482-3813 ,,ping,new,,yes
KBS Golf Experience,2622 Gateway Rd #115,Carlsbad,CA,92009,+1760-383-8687,https://kbsgolfx.com/,openseo,new,,yes
Desert Princess Golf Shop,28555 Landau Boulevard,Cathedral City,CA,92234-3508,760.322.2280,,ping,new,,yes
East Bay Golf Center,4050 Port Chicago Highway,Concord,CA,94520-1121,9256866267,,ping,new,,yes
Meadow Club,1001 BOLINAS RD,FAIRFAX,CA,94930-2221,,,ping,new,,yes
Orange Golf & Sports,9562 Garden Grove Boulevard,Garden Grove,CA,92844,,,ping,new,,yes
K Pro Golf,14806 BEACH BLVD,LA MIRADA,CA,90638,657-243-0233,,ping,new,,yes
No Bogeys Golf LLC,27601 FORBES RD,LAGUNA NIGUEL,CA,92677-1240,,,ping,new,,yes
On Target Performance,40405 BRICKYARD DR,MADERA,CA,93636-9530,559-979-7397,,ping,new,,yes
On Target Performance LLC,40405 BRICKYARD DR,MADERA,CA,93636-9530,5597792854,,ping,new,,yes
Sunday Swing LLC,1480 MORAGA RD STE D,MORAGA,CA,94556-2005,925-257-2264,,ping,new,,yes
Newport Beach Golf Shop,3100 IRVINE AVE,NEWPORT BEACH,CA,92660-3104,,,ping,new,,yes
Montclair Golf Ent,2477 Monterey Blvd,Oakland,CA,94611-3345,15104820422,,ping,new,,yes
Pete Carlsons Golf And Tennis Shop,73 741 HWY 111,PALM DESERT,CA,92260,,,ping,new,,yes
Ifit Golf,11511 FOLSOM BLVD,RANCHO CORDOVA,CA,95742-6300,,,ping,new,,yes
Stadium Golf Center,2990 MURPHY CANYON RD,SAN DIEGO,CA,92123-2651,8582776667,,ping,new,,yes
The Santaluz Club,8170 CAMINITO SANTALUZ E,SAN DIEGO,CA,92127-2577,,,ping,new,,yes
The Golf Klub,3313 STATE ST,SANTA BARBARA,CA,93105-2623,,,ping,new,,yes
Back 9 Golf Shop,9303 THORNTON RD,STOCKTON,CA,95209-1849,209-490-4110,,ping,new,,yes
Haggin Oaks Golf Super Shop,3645 Fulton Ave,Sacramento,CA,95821,+1916-808-2526,https://www.hagginoaks.com/super-shop/?utm_source=google_business_profile&utm_medium=organic&utm_campaign=smbgolf,openseo,new,,yes
Fairway Golf,2431 Pacific Hwy,San Diego,CA,92101-1748,+1619-702-1702,https://fairwaygolfusa.com/,"openseo,ping",new,,yes
Fairway Golf Shop,5040 Convoy Street,San Diego,CA,92111-1628,858-268-1702,,ping,new,,yes
Presidio Club Fitting,300 Finley Rd,San Francisco,CA,94129,+1415-561-4661,https://www.presidiogolf.com/,openseo,new,,yes
Stanford University,51 Campus Drive,Stanford,CA,94305,6507240944,,ping,new,,yes
Valley Golf,26475 YNEZ RD,TEMECULA,CA,92591-4683,,,ping,new,,yes
The Golf Exchange,1860 W CARSON ST,TORRANCE,CA,90501-2849,,,ping,new,,yes
Fore Some Sports LLC,8104 Cortez Road West,BRADENTON,FL,34210-2421,19417942345,,ping,new,,yes
Golf Stuff,29620 HWY 27,DUNDEE,FL,33838-4289,,,ping,new,,yes
The Golf And Casual Shop,11900 S CLEVELAND AVE,FORT MYERS,FL,33907-2971,239-936-8753,,ping,new,,yes
The Golf Doctor RX,8300 SE Fazio Dr,Hobe Sound,FL,33455,+1772-900-4653,http://thegolfdoctorrx.com/,openseo,new,,yes
Club Masters LLC - Custom Golf Clubs Fitting,750 Northlake Blvd,Lake Park,FL,33403,+1561-622-9445,,openseo,new,,yes
Custom Fit Golf,4754 S Congress Ave,Lake Worth Beach,FL,33461,+1561-629-8723,https://www.customfitgolf.com/,openseo,new,,yes
Moon Golf,6300 N WICKHAM RD,MELBOURNE,FL,32940-2037,,,ping,new,,yes
Naples Golf Shop,,Naples,FL,,+1239-595-4955,http://www.naplesgolfshop.com/,openseo,new,,yes
Orlando Golf Academy,8701 WORLD CENTER DR,ORLANDO,FL,32821-6358,4072692419,,ping,new,,yes
Moon Golf,7100 FAIRWAY DR,PALM BEACH GARDENS,FL,33418-3779,,,ping,new,,yes
U S 1 Golf Center,4775 SOUTH US HIGHWAY 1,ROCKLEDGE,FL,32955-5416,321-632-5461,,ping,new,,yes
Nxgen Golf,8250 BEE RIDGE RD,SARASOTA,FL,34241-6311,941.278.1170,,ping,new,,yes
Golf Trader,8085 W MCNAB RD,TAMARAC,FL,33321-3254,,,ping,new,,yes
Golf Central,2690 W TORCH LAKE DR,THE VILLAGES,FL,32163-2003,,,ping,new,,yes
THE VILLAGES Custom Club Shop,133 Moyer Loop,The Villages,FL,32163,3522592080,,ping,new,,yes
Venice Golf Center,2371 E VENICE AVE,VENICE,FL,34292-2465,9414977910,,ping,new,,yes
1 Stop Golf Shop,3321 Lithia Pinecrest Rd,Valrico,FL,33596,+1813-655-0355,https://1stopgolfshopfl.com/,openseo,new,,yes
Stroke Savers At Steel Canyon Gc,460 MORGAN FALLS RD,ATLANTA,GA,30350-5800,,,ping,new,,yes
Five Iron Golf,675 W Peachtree St NE Ste 209,Atlanta,GA,30308,+1800-513-5153,https://fiveirongolf.com/locations/atlanta-midtown/?utm_source=local&utm_medium=organic&utm_campaign=ga&utm_content=atlanta,openseo,new,,yes
MadMax Golf LLC,2026 Bloomingdale St,Augusta,GA,30906,,,openseo,new,,yes
Oak Mountain Championship Gc LLC,409 BIRKDALE BLVD,CARROLLTON,GA,30116-6069,770-834-7065 ext 12,,ping,new,,yes
Golf Performance Lab @ HSHS,1225 Broadrick Drive,DALTON,GA,30720-2504,770-655-8757,,ping,new,,yes
Golf Fore Less,160 SHORTER AVE NW,ROME,GA,30165-2455,(706) 252-0664,,ping,new,,yes
Golf Fore Less,160 Shorter Avenue Northwest,Rome,GA,30165-2455,706-802-0042,,ping,new,,yes
Rwk golf,1501 Windy Hill Rd SE,Smyrna,GA,30080,+1470-345-8414,,openseo,new,,yes
Currahee Club,1 CURRAHEE CLUB DR,TOCCOA,GA,30577-9657,7068271000,,ping,new,,yes
Gotham Golftrain Academy,1 CURRAHEE CLUB DR,TOCCOA,GA,30577-9657,706-436-6096,,ping,new,,yes
The Range At Leon Springs,26254 I10 W STE 500,BOERNE,TX,78006,,,ping,new,,yes
5u Golf Center LLC,5945 College Street,Beaumont,TX,77707,4092320205,,ping,new,,yes
Mac Wylie Golf Center,26254 Interstate 10 West Frontage Road,Boerne,TX,78006,+1210-698-2244,https://www.macwyliegolf.com/,openseo,new,,yes
The Caddie Golf Shop LLC,1853 Briarcrest Drive,Bryan,TX,77802-3453,979-776-4653,,ping,new,,yes
The Golf Center,2538 GOLDEN BEAR DR,CARROLLTON,TX,75006-2309,,,ping,new,,yes
Short Game LLC,2205 FM 471,CASTROVILLE,TX,78009,,,ping,new,,yes
Axis Golf Academy & Fitting Ctr,12205 FRY RD,CYPRESS,TX,77433-3315,281-217-6704,,ping,new,,yes
Northwood Club,6524 ALPHA RD,DALLAS,TX,75240-3541,,,ping,new,,yes
Sellingers Power Golf Lp,4950 Belt Line Road,Dallas,TX,75254,(972) 788-2525,,ping,new,,yes
Golf Performance Group,4554 FM 2351 RD,FRIENDSWOOD,TX,77546-2820,7135869569,,ping,new,,yes
The Golf Ranch,610 N AUSTIN AVE,GEORGETOWN,TX,78626-4210,512-863-4573,,ping,new,,yes
Granbury Golf Etc,2461 E US HIGHWAY 377,GRANBURY,TX,76049-5923,,,ping,new,,yes
TOTAL GOLF PERFORMANCE  of Texas,18632 BANDERA RD,HELOTES,TX,78023-2800,2108634653,,ping,new,,yes
Marti Golf Center,12782 BEECHNUT ST,HOUSTON,TX,77072-3819,281-568-5297,,ping,new,,yes
Dr Golf LLC,20040 HIGHWAY 59 N,HUMBLE,TX,77338-2430,,,ping,new,,yes
Meadowbrook Farms Lp,23230 MEADOWBROOK FARMS CLUB DR,KATY,TX,77494-6580,281-693-4653,,ping,new,,yes
Wood Hollow Range Pro Shop,5200 MCCANN RD,LONGVIEW,TX,75605-2926,903-663-0036,,ping,new,,yes
Golf USA,6701 INDIANA AVE,LUBBOCK,TX,79413-6131,,,ping,new,,yes
Stripe Show Club Fitters,5020 50TH ST STE 115,LUBBOCK,TX,79414-3429,8062528347,,ping,new,,yes
Killer's Golf LLC,400 W NOLANA AVE STE A3,MCALLEN,TX,78504-3040,9564764653,,ping,new,,yes
The Courses At Watters Creek,7201 CHASE OAKS BLVD,PLANO,TX,75025-5902,972-517-3688,,ping,new,,yes
MK Golf Technologies,10412 GULFDALE ST,SAN ANTONIO,TX,78216-4129,,,ping,new,,yes
Summit Golf School LLC,18 Augusta Pines Drive,Spring,TX,77389-3590,281-516-1002,,ping,new,,yes
Summit Golf School LLC,19393 Champion Forest Drive,Spring,TX,77379-8519,832-639-8111,,ping,new,,yes
Gary Player Golf - The Refinery,8900 STERLING RIDGE DR,THE WOODLANDS,TX,77382-2748,,,ping,new,,yes
